fold,row_index,y_true_scaled,y_pred_scaled,y_true,y_pred
1,23,0.9141049981117249,0.8044222593307495,1280.909912109375,1241.3759765625
1,29,0.8577849268913269,0.8059182167053223,1260.6099853515625,1241.9151611328125
1,30,0.7086061239242554,0.7535675764083862,1206.8399658203125,1223.0458984375
1,32,0.7550771236419678,0.7507388591766357,1223.5899658203125,1222.0262451171875
1,44,0.9693707823753357,0.8123583793640137,1300.8299560546875,1244.2364501953125
1,49,0.9922317266464233,0.7875161170959473,1309.070068359375,1235.2823486328125
1,51,0.7451448440551758,0.7922179698944092,1220.010009765625,1236.97705078125
1,59,0.8068194389343262,0.7993407249450684,1242.239990234375,1239.5443115234375
1,65,0.8178892731666565,0.7344838380813599,1246.22998046875,1216.1673583984375
1,67,0.8956553339958191,0.7339483499526978,1274.260009765625,1215.974365234375
1,69,0.7600710391998291,0.7744600176811218,1225.3900146484375,1230.576416015625
1,70,0.7916435599327087,0.7451621890068054,1236.77001953125,1220.0162353515625
1,71,0.6501220464706421,0.7377200126647949,1185.760009765625,1217.333740234375
1,73,0.7657585144042969,0.7072340250015259,1227.43994140625,1206.345458984375
1,76,0.7770225405693054,0.7136800289154053,1231.5,1208.6688232421875
1,78,0.7714459896087646,0.7707219123840332,1229.489990234375,1229.22900390625
1,99,0.610059916973114,0.7608091831207275,1171.3199462890625,1225.656005859375
1,109,0.6774775385856628,0.706122100353241,1195.6199951171875,1205.9447021484375
1,111,0.7194539904594421,0.6595702171325684,1210.75,1189.16552734375
1,115,0.5672233700752258,0.5997873544692993,1155.8800048828125,1167.617431640625
1,123,0.5747974514961243,0.6750572323799133,1158.6099853515625,1194.74755859375
1,124,0.47491955757141113,0.5365254282951355,1122.6099853515625,1144.815185546875
1,135,0.691044270992279,0.5860981941223145,1200.510009765625,1162.6832275390625
1,141,0.6338364481925964,0.6429068446159363,1179.8900146484375,1183.1593017578125
1,162,0.8335090279579163,0.6740974187850952,1251.8599853515625,1194.4017333984375
1,168,0.7920597195625305,0.722564160823822,1236.919921875,1211.8709716796875
1,173,0.7832093834877014,0.7636029720306396,1233.72998046875,1226.6630859375
1,184,0.662939727306366,0.6443043947219849,1190.3800048828125,1183.6630859375
1,185,0.8153645396232605,0.7558679580688477,1245.3199462890625,1223.875
1,188,0.6390799880027771,0.575055718421936,1181.780029296875,1158.703125
1,196,0.7518311142921448,0.7252745628356934,1222.419921875,1212.847900390625
1,203,0.5379813313484192,0.4279264211654663,1145.3399658203125,1105.671875
1,210,0.5470535755157471,0.4591025710105896,1148.6099853515625,1116.908935546875
1,212,0.3434135913848877,0.45767468214035034,1075.2099609375,1116.394287109375
1,220,0.5563755631446838,0.5053839087486267,1151.969970703125,1133.590576171875
1,233,0.3228554129600525,0.2474387288093567,1067.800048828125,1040.6168212890625
1,237,0.2940295338630676,0.33892959356307983,1057.409912109375,1073.59375
1,239,-0.009432915598154068,0.1675119400024414,948.030029296875,1011.8079833984375
1,240,0.3191099762916565,0.35106489062309265,1066.449951171875,1077.9677734375
1,244,0.4589390754699707,0.41519057750701904,1116.8499755859375,1101.081298828125
1,247,0.3273221552371979,0.45230743288993835,1069.4100341796875,1114.459716796875
1,250,0.24389635026454926,0.4317728877067566,1039.340087890625,1107.0582275390625
1,251,0.44933968782424927,0.4263423681259155,1113.3900146484375,1105.100830078125
1,254,0.3787038028240204,0.4336027503013611,1087.9300537109375,1107.7177734375
1,259,0.29361337423324585,0.30751779675483704,1057.260009765625,1062.271728515625
1,261,0.14030075073242188,0.13286755979061127,1002.0,999.32080078125
1,270,0.40383973717689514,0.4132223129272461,1096.989990234375,1100.371826171875
1,271,0.3102874159812927,0.4106125235557556,1063.27001953125,1099.43115234375
1,275,0.34982243180274963,0.27687862515449524,1077.52001953125,1051.2281494140625
1,289,0.4144934117794037,0.4578944444656372,1100.830078125,1116.4735107421875
1,297,0.41310620307922363,1.2367637157440186,1100.3299560546875,1397.2091064453125
1,298,0.46792808175086975,0.46191611886024475,1120.0899658203125,1117.923095703125
1,303,0.3286261260509491,0.3365774154663086,1069.8800048828125,1072.7459716796875
1,305,0.5699977874755859,0.47311490774154663,1156.8800048828125,1121.9595947265625
1,307,0.5686383247375488,0.5316543579101562,1156.3900146484375,1143.0594482421875
1,316,0.41643548011779785,0.48031967878341675,1101.530029296875,1124.556396484375
1,322,0.7672844529151917,0.6523213386535645,1227.989990234375,1186.552734375
1,324,0.280795693397522,0.39766913652420044,1052.6400146484375,1094.765869140625
1,331,0.4506991505622864,0.47174325585365295,1113.8800048828125,1121.4652099609375
1,332,0.4729219973087311,0.5053073167800903,1121.8900146484375,1133.56298828125
1,339,0.5915270447731018,0.4580671191215515,1164.6400146484375,1116.5357666015625
1,342,0.6484851837158203,0.5295852422714233,1185.1700439453125,1142.313720703125
1,344,0.4685107171535492,0.48926466703414917,1120.300048828125,1127.780517578125
1,350,0.38317057490348816,0.43306127190589905,1089.5400390625,1107.5225830078125
1,351,0.5119020938873291,0.49147534370422363,1135.93994140625,1128.577392578125
1,352,0.4716457724571228,0.4107059836387634,1121.4300537109375,1099.46484375
1,354,0.4376872777938843,0.42983293533325195,1109.1900634765625,1106.3590087890625
1,361,0.5468316674232483,0.465893030166626,1148.530029296875,1119.3564453125
1,365,0.5479968786239624,0.4932863116264343,1148.9500732421875,1129.2301025390625
1,366,0.34172123670578003,0.47525307536125183,1074.5999755859375,1122.730224609375
1,367,0.3480745851993561,0.4141371250152588,1076.8900146484375,1100.7015380859375
1,374,0.5441960096359253,0.46168163418769836,1147.580078125,1117.8385009765625
1,381,0.5035234689712524,0.5315261483192444,1132.9200439453125,1143.0133056640625
1,382,0.6764510273933411,0.6381311416625977,1195.25,1181.43798828125
1,383,0.49719786643981934,0.5170430541038513,1130.6400146484375,1137.79296875
1,394,0.636999249458313,0.5596670508384705,1181.030029296875,1153.1563720703125
1,398,0.4510875642299652,0.5471715927124023,1114.02001953125,1148.6524658203125
1,408,0.6073965430259705,0.5562244653701782,1170.3599853515625,1151.91552734375
1,411,0.5611197352409363,0.5458067059516907,1153.6800537109375,1148.1605224609375
1,414,0.5373154878616333,0.5705966353416443,1145.0999755859375,1157.0958251953125
1,415,0.4599933326244354,0.5300873517990112,1117.22998046875,1142.4947509765625
1,416,0.7003107070922852,0.5420086979866028,1203.8499755859375,1146.7916259765625
1,420,0.5227499604225159,0.4651486873626709,1139.8499755859375,1119.088134765625
1,422,0.5723837614059448,0.558676540851593,1157.739990234375,1152.79931640625
1,425,0.6198257803916931,0.5415482521057129,1174.8399658203125,1146.6256103515625
1,427,0.5165353417396545,0.5655472278594971,1137.6099853515625,1155.27587890625
1,429,0.6113083958625793,0.6482975482940674,1171.77001953125,1185.102294921875
1,432,0.48044058680534363,0.545342206954956,1124.5999755859375,1147.9931640625
1,433,0.6058983206748962,0.6138626337051392,1169.8199462890625,1172.690673828125
1,438,0.5271335244178772,0.5995819568634033,1141.429931640625,1167.5433349609375
1,450,0.6942625641822815,0.7042673826217651,1201.669921875,1205.276123046875
1,464,0.6940128803253174,0.5808582901954651,1201.5799560546875,1160.7945556640625
1,478,0.7736377716064453,0.6383036375045776,1230.280029296875,1181.500244140625
1,479,0.6245977282524109,0.6597102880477905,1176.56005859375,1189.216064453125
1,481,0.7503606677055359,0.6954243183135986,1221.8900146484375,1202.0887451171875
1,483,0.6671013236045837,0.603523313999176,1191.8800048828125,1168.9638671875
1,486,0.5821773409843445,0.621781051158905,1161.27001953125,1175.5447998046875
1,494,0.7559649348258972,0.6738644242286682,1223.9100341796875,1194.317626953125
1,495,0.4818832576274872,0.6027780175209045,1125.1199951171875,1168.6953125
1,497,0.507490873336792,0.5239958763122559,1134.3499755859375,1140.299072265625
1,506,0.4713960587978363,0.43806469440460205,1121.340087890625,1109.3260498046875
1,514,0.6679891347885132,0.6178337335586548,1192.2000732421875,1174.1220703125
1,518,0.5538786053657532,0.616104006767273,1151.0699462890625,1173.49853515625
1,527,0.4793030619621277,0.4242192208766937,1124.18994140625,1104.3355712890625
1,529,0.3990955352783203,0.3746539056301117,1095.280029296875,1086.4703369140625
1,530,0.4574686586856842,0.4594649374485016,1116.320068359375,1117.03955078125
1,534,0.4589945673942566,0.5445176362991333,1116.8699951171875,1147.6959228515625
1,538,0.3706858158111572,0.3490309715270996,1085.0400390625,1077.2347412109375
1,543,0.4841582477092743,0.4910029172897339,1125.93994140625,1128.4071044921875
1,548,0.6417434215545654,0.6394500732421875,1182.739990234375,1181.913330078125
1,551,0.6023748517036438,0.590226411819458,1168.5499267578125,1164.171142578125
1,552,0.5724669694900513,0.5564851760864258,1157.77001953125,1152.009521484375
1,554,0.6207690834999084,0.5789090991020203,1175.179931640625,1160.092041015625
1,555,0.46595826745033264,0.5463312268257141,1119.3800048828125,1148.349609375
1,557,0.7890356183052063,0.7428163290023804,1235.8299560546875,1219.1707763671875
1,561,0.6881866455078125,0.6878211498260498,1199.47998046875,1199.3482666015625
1,575,0.547109067440033,0.6406416893005371,1148.6300048828125,1182.3428955078125
1,576,0.6222949624061584,0.7339969873428345,1175.72998046875,1215.991943359375
1,584,0.6610531806945801,0.709935188293457,1189.699951171875,1207.3189697265625
1,588,0.7279713749885559,0.698050856590271,1213.8199462890625,1203.0355224609375
1,591,0.673676609992981,0.7038769721984863,1194.25,1205.1353759765625
1,596,0.5848407745361328,0.5836734771728516,1162.22998046875,1161.8092041015625
1,607,0.507490873336792,0.5219422578811646,1134.3499755859375,1139.558837890625
1,609,0.5562645792961121,0.5951721668243408,1151.9300537109375,1165.953857421875
1,610,0.6198257803916931,0.591070830821991,1174.8399658203125,1164.4755859375
1,611,0.5750749111175537,0.561144232749939,1158.7099609375,1153.6888427734375
1,613,0.6825268864631653,0.6197196245193481,1197.43994140625,1174.8017578125
1,614,0.610670268535614,0.5634787082672119,1171.5400390625,1154.5302734375
1,617,0.6020696759223938,0.5439637899398804,1168.43994140625,1147.496337890625
1,619,0.7152923941612244,0.5942208170890808,1209.25,1165.6109619140625
1,629,0.551659107208252,0.5941292643547058,1150.27001953125,1165.5780029296875
1,631,0.7261402606964111,0.6712197065353394,1213.1600341796875,1193.364501953125
1,637,0.6505659818649292,0.6004031896591187,1185.9200439453125,1167.83935546875
1,643,0.5223060846328735,0.6401175856590271,1139.6900634765625,1182.1539306640625
1,651,0.5497170090675354,0.6289281845092773,1149.5699462890625,1178.120849609375
1,669,0.6188269853591919,0.6608833074569702,1174.47998046875,1189.6387939453125
1,670,0.5470258593559265,0.5847866535186768,1148.5999755859375,1162.21044921875
1,679,0.7655920386314392,0.7200318574905396,1227.3800048828125,1210.958251953125
1,680,0.6765342354774475,0.6707763671875,1195.2799072265625,1193.20458984375
1,692,0.4945899546146393,0.5958263278007507,1129.7000732421875,1166.189697265625
1,700,0.576323390007019,0.5993369221687317,1159.1600341796875,1167.4549560546875
1,704,0.6482632160186768,0.5534175634384155,1185.0899658203125,1150.90380859375
1,707,0.5344578623771667,0.42407119274139404,1144.0699462890625,1104.2822265625
1,715,0.628592848777771,0.6505708694458008,1178.0,1185.9217529296875
1,720,0.4496726095676422,0.5210899710655212,1113.510009765625,1139.251708984375
1,722,0.401287317276001,0.5209170579910278,1096.0699462890625,1139.1893310546875
1,727,0.5840361714363098,0.6079013347625732,1161.93994140625,1170.5419921875
1,736,0.47480857372283936,0.4376193583011627,1122.570068359375,1109.16552734375
1,744,0.7353512644767761,0.5771147608757019,1216.47998046875,1159.4451904296875
1,754,0.6847741603851318,0.6692709922790527,1198.25,1192.6619873046875
1,755,0.6224891543388367,0.5936120748519897,1175.800048828125,1165.3916015625
1,767,0.5277161002159119,0.520474374294281,1141.6400146484375,1139.02978515625
1,771,0.5681666731834412,0.5798937082290649,1156.219970703125,1160.4468994140625
1,772,0.8329264521598816,0.6747610569000244,1251.6500244140625,1194.640869140625
1,777,0.6690711379051208,0.6326457262039185,1192.5899658203125,1179.4608154296875
1,785,0.48235490918159485,0.5899074077606201,1125.2899169921875,1164.05615234375
1,792,0.7309122085571289,0.6983160972595215,1214.8800048828125,1203.1309814453125
1,799,0.3953501284122467,0.5461161136627197,1093.9300537109375,1148.2720947265625
1,802,0.7469204068183899,0.7320034503936768,1220.64990234375,1215.2733154296875
1,806,0.8224114775657654,0.7042657136917114,1247.8599853515625,1205.2755126953125
1,807,0.7361280918121338,0.6962611675262451,1216.760009765625,1202.390380859375
1,808,0.7207024693489075,0.6791196465492249,1211.199951171875,1196.2117919921875
1,817,0.6245699524879456,0.6946033835411072,1176.5499267578125,1201.7928466796875
1,818,0.6073687672615051,0.6877497434616089,1170.3499755859375,1199.322509765625
1,819,0.7820441722869873,0.7427535057067871,1233.3099365234375,1219.1480712890625
1,820,0.5730496048927307,0.5743665099143982,1157.97998046875,1158.4547119140625
1,836,0.4405726194381714,0.5503852367401123,1110.22998046875,1149.810791015625
1,838,0.4647652804851532,0.505813479423523,1118.949951171875,1133.7454833984375
1,855,0.6591665744781494,0.6192209720611572,1189.02001953125,1174.6219482421875
1,857,0.5401453971862793,0.5230785608291626,1146.1199951171875,1139.968505859375
1,861,0.6661857962608337,0.546057939529419,1191.550048828125,1148.2510986328125
1,862,0.560176432132721,0.5133855938911438,1153.3399658203125,1136.474609375
1,869,0.6197980046272278,0.5968301296234131,1174.8299560546875,1166.5513916015625
1,874,0.6628287434577942,0.6287689208984375,1190.3399658203125,1178.0634765625
1,879,0.5670846700668335,0.5829845666885376,1155.830078125,1161.56103515625
1,881,0.7519420981407166,0.6645901799201965,1222.4599609375,1190.974853515625
1,888,0.7078015804290771,0.7326778173446655,1206.5499267578125,1215.5164794921875
1,898,0.7205359935760498,0.6950024366378784,1211.1400146484375,1201.9366455078125
1,909,0.8074297904968262,0.777274489402771,1242.4599609375,1231.5908203125
1,914,0.7867606282234192,0.7607018947601318,1235.010009765625,1225.617431640625
1,917,0.6773942708969116,0.667128324508667,1195.5899658203125,1191.8897705078125
1,925,0.5757407546043396,0.6101129055023193,1158.949951171875,1171.339111328125
1,939,0.5768227577209473,0.6138949394226074,1159.3399658203125,1172.7022705078125
1,941,0.6077572107315063,0.580651044845581,1170.489990234375,1160.7198486328125
1,963,0.5381755828857422,0.6362842917442322,1145.4100341796875,1180.7723388671875
1,965,0.6495116949081421,0.5931333303451538,1185.5400390625,1165.218994140625
1,976,0.604178249835968,0.6370000839233398,1169.199951171875,1181.0302734375
1,979,0.5929974317550659,0.6699627637863159,1165.1700439453125,1192.911376953125
1,987,0.654228150844574,0.6853419542312622,1187.239990234375,1198.4547119140625
1,990,0.6813338994979858,0.6472609043121338,1197.010009765625,1184.728759765625
1,994,0.612390398979187,0.591524600982666,1172.1600341796875,1164.63916015625
1,997,0.5694429278373718,0.5854856967926025,1156.6800537109375,1162.46240234375
1,998,0.6831372976303101,0.6506353616714478,1197.6600341796875,1185.945068359375
1,1000,0.5782099366188049,0.5610803365707397,1159.8399658203125,1153.665771484375
1,1005,0.737848162651062,0.5912719964981079,1217.3800048828125,1164.548095703125
1,1009,0.84324711561203,0.7712876796722412,1255.3699951171875,1229.432861328125
1,1022,0.5052990913391113,0.5930976867675781,1133.5599365234375,1165.2060546875
1,1027,0.5819276571273804,0.6335437297821045,1161.1800537109375,1179.7845458984375
1,1029,0.40453335642814636,0.4322977662086487,1097.239990234375,1107.247314453125
1,1036,0.8034069538116455,0.7533969879150391,1241.010009765625,1222.984375
1,1043,0.38475197553634644,0.5081937909126282,1090.1099853515625,1134.6033935546875
1,1047,0.5593441128730774,0.5851882696151733,1153.0399169921875,1162.3553466796875
1,1050,0.7621795535087585,0.6962711215019226,1226.1500244140625,1202.3939208984375
1,1058,0.4710908830165863,0.47742903232574463,1121.22998046875,1123.5145263671875
1,1078,0.7643713355064392,0.6201355457305908,1226.9400634765625,1174.95166015625
1,1079,0.6397181153297424,0.7243179082870483,1182.010009765625,1212.503173828125
1,1084,0.7046942710876465,0.653139591217041,1205.429931640625,1186.84765625
1,1085,0.6341416239738464,0.6355811357498169,1180.0,1180.5189208984375
1,1091,0.7829319834709167,0.6774501800537109,1233.6300048828125,1195.610107421875
1,1096,0.5462212562561035,0.5833854079246521,1148.3099365234375,1161.7054443359375
1,1100,0.7207024693489075,0.7291101217269897,1211.199951171875,1214.23046875
1,1105,0.6917378902435303,0.7380348443984985,1200.760009765625,1217.447265625
1,1107,0.6220175623893738,0.6497647762298584,1175.6300048828125,1185.6312255859375
1,1120,0.5834258198738098,0.5763701796531677,1161.719970703125,1159.1768798828125
1,1121,0.5594273805618286,0.5638803243637085,1153.070068359375,1154.675048828125
1,1124,0.6821939945220947,0.600749671459198,1197.3199462890625,1167.9642333984375
1,1125,0.5967428684234619,0.6239089369773865,1166.52001953125,1176.311767578125
1,1128,0.5260515213012695,0.5318664312362671,1141.0400390625,1143.135986328125
1,1132,0.5430030226707458,0.6261763572692871,1147.1500244140625,1177.1290283203125
1,1133,0.3840028941631317,0.5579069256782532,1089.8399658203125,1152.52197265625
1,1137,0.588891327381134,0.5403381586074829,1163.68994140625,1146.189453125
1,1138,0.6811951994895935,0.6044338941574097,1196.9599609375,1169.292236328125
1,1144,0.597602903842926,0.5346816778182983,1166.8299560546875,1144.150634765625
1,1157,0.5253856182098389,0.6016682982444763,1140.7999267578125,1168.2952880859375
1,1159,0.554905116558075,0.5488433837890625,1151.4400634765625,1149.255126953125
1,1165,0.5897514224052429,0.668860673904419,1164.0,1192.51416015625
1,1168,0.781905472278595,0.7963849306106567,1233.260009765625,1238.47900390625
1,1170,0.7602375149726868,0.7257856130599976,1225.449951171875,1213.0322265625
1,1173,0.7435356974601746,0.7402769327163696,1219.4300537109375,1218.2554931640625
1,1179,0.6879369616508484,0.6915496587753296,1199.3900146484375,1200.692138671875
1,1181,0.7489457130432129,0.75376296043396,1221.3800048828125,1223.1163330078125
1,1182,0.6375818252563477,0.6320921778678894,1181.239990234375,1179.2613525390625
1,1210,0.7136832475662231,0.7483999729156494,1208.6700439453125,1221.1832275390625
1,1211,0.7224780917167664,0.8325526714324951,1211.8399658203125,1251.5152587890625
1,1217,0.851847767829895,0.8877544403076172,1258.4700927734375,1271.4122314453125
1,1228,0.6221562623977661,0.6692620515823364,1175.6800537109375,1192.6588134765625
1,1230,0.6446287631988525,0.60225909948349,1183.780029296875,1168.50830078125
1,1231,0.6905449032783508,0.603746235370636,1200.3299560546875,1169.0443115234375
1,1237,0.7174286842346191,0.7231917381286621,1210.02001953125,1212.09716796875
1,1240,0.8438575267791748,0.7079019546508789,1255.5899658203125,1206.586181640625
1,1244,0.700865626335144,0.6664668917655945,1204.050048828125,1191.6513671875
1,1245,0.662024199962616,0.6493971347808838,1190.050048828125,1185.4986572265625
1,1249,0.45977139472961426,0.6431394815444946,1117.1500244140625,1183.2431640625
1,1261,0.6548939943313599,0.6970217227935791,1187.47998046875,1202.66455078125
1,1262,0.5403395891189575,0.606001079082489,1146.1900634765625,1169.8570556640625
1,1263,0.6928476095199585,0.6626591682434082,1201.1600341796875,1190.27880859375
1,1268,0.741288423538208,0.7221312522888184,1218.6199951171875,1211.7149658203125
1,1269,0.7681999802589417,0.7432640194892883,1228.3199462890625,1219.33203125
1,1273,0.797303318977356,0.714576005935669,1238.81005859375,1208.99169921875
1,1274,0.7389024496078491,0.7459303140640259,1217.760009765625,1220.2930908203125
1,1281,0.7493063807487488,0.7732639312744141,1221.510009765625,1230.145263671875
1,1284,0.9594107270240784,0.8398629426956177,1297.239990234375,1254.1502685546875
1,1288,0.8609200119972229,0.8250302076339722,1261.739990234375,1248.803955078125
1,1290,0.740067720413208,0.7914990186691284,1218.1800537109375,1236.7178955078125
1,1292,0.8891909718513489,0.7545398473739624,1271.929931640625,1223.3963623046875
1,1299,0.88711017370224,0.853402853012085,1271.1800537109375,1259.030517578125
1,1309,0.8578959107398987,0.7456923723220825,1260.6500244140625,1220.2073974609375
1,1315,0.882948637008667,0.77236008644104,1269.679931640625,1229.8194580078125
1,1316,0.7235046029090881,0.6760978698730469,1212.2099609375,1195.1226806640625
1,1317,0.5320718884468079,0.6774042844772339,1143.2099609375,1195.5936279296875
1,1318,0.6500388383865356,0.6563242673873901,1185.72998046875,1187.99560546875
1,1323,0.6540616750717163,0.6875011324882507,1187.1800537109375,1199.23291015625
1,1328,0.5186161398887634,0.5922970771789551,1138.3599853515625,1164.9176025390625
1,1329,0.7501664757728577,0.6987842321395874,1221.8199462890625,1203.2998046875
1,1331,0.7559649348258972,0.6652916669845581,1223.9100341796875,1191.227783203125
1,1336,0.573493480682373,0.6402625441551208,1158.1400146484375,1182.2061767578125
1,1339,0.6855509877204895,0.6314231157302856,1198.5299072265625,1179.0201416015625
1,1341,0.7096881866455078,0.6648942232131958,1207.22998046875,1191.08447265625
1,1347,0.6456830501556396,0.6292186975479126,1184.1600341796875,1178.2255859375
1,1348,0.6098657250404358,0.6069254875183105,1171.25,1170.190185546875
1,1357,0.691044270992279,0.6096591949462891,1200.510009765625,1171.175537109375
1,1358,0.6995893716812134,0.7243154644966125,1203.5899658203125,1212.502197265625
1,1364,0.6334202885627747,0.558395266532898,1179.739990234375,1152.697998046875
1,1376,0.621712327003479,0.6461924910545349,1175.52001953125,1184.3436279296875
1,1378,0.6012651324272156,0.6199753880500793,1168.1500244140625,1174.8939208984375
1,1383,0.5659471750259399,0.6052050590515137,1155.4200439453125,1169.570068359375
1,1384,0.6947619318962097,0.6128572821617126,1201.8499755859375,1172.3282470703125
1,1385,0.7213128209114075,0.6302067041397095,1211.419921875,1178.581787109375
1,1392,0.8455221652984619,0.6634469628334045,1256.18994140625,1190.562744140625
1,1393,0.6807790398597717,0.6059402227401733,1196.8099365234375,1169.8350830078125
1,1395,0.5587337613105774,0.5694875717163086,1152.8199462890625,1156.696044921875
1,1399,0.6611363887786865,0.6603229641914368,1189.72998046875,1189.436767578125
1,1402,0.559566080570221,0.7149995565414429,1153.1199951171875,1209.1444091796875
1,1405,0.5896681547164917,0.6358273029327393,1163.969970703125,1180.6075439453125
1,1418,0.536261260509491,0.4935867190361023,1144.719970703125,1129.33837890625
1,1419,0.5242204070091248,0.4077960252761841,1140.3800048828125,1098.416015625
1,1420,0.4993896484375,0.5323271751403809,1131.429931640625,1143.302001953125
1,1423,0.45916101336479187,0.5554643869400024,1116.929931640625,1151.6416015625
1,1424,0.5765175819396973,0.5847922563552856,1159.22998046875,1162.2125244140625
1,1425,0.7495006322860718,0.6565098166465759,1221.580078125,1188.0623779296875
1,1433,0.7026134729385376,0.6784590482711792,1204.6800537109375,1195.9737548828125
1,1436,0.7921707034111023,0.7975161075592041,1236.9599609375,1238.88671875
1,1448,0.7323826551437378,0.5963555574417114,1215.4100341796875,1166.38037109375
1,1457,0.7056097984313965,0.4852980077266693,1205.760009765625,1126.350830078125
1,1458,0.4423482418060303,0.5092341899871826,1110.8699951171875,1134.9783935546875
1,1460,0.695094883441925,0.6268206834793091,1201.969970703125,1177.361328125
1,1461,0.5598435401916504,0.4914175271987915,1153.219970703125,1128.5565185546875
1,1464,0.7341305017471313,0.6996340751647949,1216.0400390625,1203.6060791015625
1,1466,0.773499071598053,0.6603121757507324,1230.22998046875,1189.432861328125
1,1471,0.45663633942604065,0.5327108502388,1116.02001953125,1143.4403076171875
1,1473,0.6125845909118652,0.48348528146743774,1172.22998046875,1125.6973876953125
1,1475,0.6115303635597229,0.5108320713043213,1171.8499755859375,1135.5543212890625
1,1476,0.7396237850189209,0.7138313055038452,1218.02001953125,1208.723388671875
1,1493,0.5503273606300354,0.5952339172363281,1149.7899169921875,1165.97607421875
1,1497,0.6871046423912048,0.6441175937652588,1199.0899658203125,1183.595703125
1,1498,0.5767672657966614,0.5811111330986023,1159.3199462890625,1160.8857421875
1,1504,0.7251692414283752,0.6140161752700806,1212.8099365234375,1172.7459716796875
1,1505,0.8394462466239929,0.7114081382751465,1254.0,1207.8499755859375
1,1506,0.637304425239563,0.644687294960022,1181.1400146484375,1183.8011474609375
1,1511,0.7217844724655151,0.6543347835540771,1211.5899658203125,1187.2784423828125
1,1516,0.696204662322998,0.6505417823791504,1202.3699951171875,1185.9112548828125
1,1518,0.623931884765625,0.6761990189552307,1176.3199462890625,1195.1591796875
1,1530,0.7838475108146667,0.7816445827484131,1233.9599609375,1233.166015625
1,1536,0.7531628012657166,0.7587738037109375,1222.9000244140625,1224.92236328125
1,1540,0.8117300868034363,0.7675284147262573,1244.010009765625,1228.0780029296875
1,1546,0.7154033780097961,0.6111240386962891,1209.2899169921875,1171.7034912109375
1,1557,0.5403118133544922,0.6307516098022461,1146.179931640625,1178.778076171875
1,1562,0.6864665150642395,0.6529085636138916,1198.8599853515625,1186.764404296875
1,1573,0.5410332083702087,0.6151809692382812,1146.4400634765625,1173.165771484375
1,1586,0.6881589293479919,0.6463034749031067,1199.469970703125,1184.383544921875
1,1587,0.5822605490684509,0.5758793354034424,1161.300048828125,1158.9998779296875
1,1595,0.7382088303565979,0.7169188261032104,1217.510009765625,1209.8363037109375
1,1599,0.6397181153297424,0.6314656734466553,1182.010009765625,1179.0355224609375
1,1607,0.7129619121551514,0.704840898513794,1208.4100341796875,1205.4827880859375
1,1611,0.8375874161720276,0.7378520965576172,1253.3299560546875,1217.38134765625
1,1612,0.7655920386314392,0.7623634338378906,1227.3800048828125,1226.21630859375
1,1617,0.676312267780304,0.7253164052963257,1195.199951171875,1212.863037109375
1,1621,0.6689324378967285,0.705524206161499,1192.5400390625,1205.7291259765625
1,1622,0.7721951007843018,0.7476869821548462,1229.760009765625,1220.92626953125
1,1627,0.7524691820144653,0.7146492004394531,1222.6500244140625,1209.0181884765625
1,1631,0.7135445475578308,0.6791591644287109,1208.6199951171875,1196.22607421875
1,1633,0.7649539709091187,0.7280153036117554,1227.1500244140625,1213.8358154296875
1,1637,0.7012817859649658,0.5760244727134705,1204.199951171875,1159.05224609375
1,1646,0.6658528447151184,0.6396613717079163,1191.429931640625,1181.989501953125
1,1657,0.70522141456604,0.6807629466056824,1205.6199951171875,1196.80419921875
1,1662,0.5499112010002136,0.5765196084976196,1149.6400146484375,1159.230712890625
1,1663,0.5592054128646851,0.5612332224845886,1152.989990234375,1153.720947265625
1,1669,0.5757962465286255,0.5385057926177979,1158.969970703125,1145.529052734375
1,1671,0.5712184906005859,0.5774953365325928,1157.3199462890625,1159.5823974609375
1,1675,0.4988902509212494,0.5336893796920776,1131.25,1143.79296875
1,1686,0.584535539150238,0.5820147395133972,1162.1199951171875,1161.21142578125
1,1688,0.6573354601860046,0.6191291809082031,1188.3599853515625,1174.5888671875
1,1699,0.5851459503173828,0.6473821401596069,1162.3399658203125,1184.7724609375
1,1707,0.6924314498901367,0.6148632764816284,1201.010009765625,1173.0513916015625
1,1709,0.7438408732414246,0.6942667961120605,1219.5400390625,1201.6715087890625
1,1711,0.7919764518737793,0.6879152059555054,1236.8900146484375,1199.3822021484375
1,1736,0.687493085861206,0.6573226451873779,1199.22998046875,1188.3553466796875
1,1741,0.4200144410133362,0.45721137523651123,1102.8199462890625,1116.227294921875
1,1745,0.7951115369796753,0.6350482702255249,1238.02001953125,1180.3267822265625
1,1749,0.7131561636924744,0.6288087368011475,1208.47998046875,1178.0777587890625
1,1750,0.535456657409668,0.5176389217376709,1144.429931640625,1138.0078125
1,1753,0.45744091272354126,0.41907021403312683,1116.3099365234375,1102.4796142578125
1,1756,0.8395017385482788,0.7187595367431641,1254.02001953125,1210.4996337890625
1,1759,0.709382951259613,0.6969971060752869,1207.1199951171875,1202.6556396484375
1,1761,0.6871601343154907,0.6356490254402161,1199.1099853515625,1180.5433349609375
1,1763,0.5751858949661255,0.5561497211456299,1158.75,1151.8885498046875
1,1767,0.6287870407104492,0.6503521203994751,1178.0699462890625,1185.8428955078125
1,1777,0.7185384631156921,0.6708524227142334,1210.4200439453125,1193.2320556640625
1,1782,0.5916934609413147,0.4969104528427124,1164.699951171875,1130.536376953125
1,1783,0.5702752470970154,0.566633403301239,1156.97998046875,1155.6673583984375
1,1788,0.7274442315101624,0.640418529510498,1213.6300048828125,1182.262451171875
1,1791,0.542142927646637,0.6424787044525146,1146.8399658203125,1183.0050048828125
1,1792,0.5684441328048706,0.6385015249252319,1156.320068359375,1181.571533203125
1,1802,0.595161497592926,0.6891584396362305,1165.949951171875,1199.8302001953125
1,1813,0.6420763731002808,0.6202911734580994,1182.8599853515625,1175.0078125
1,1815,0.6615525484085083,0.6296002864837646,1189.8800048828125,1178.3631591796875
2,10,0.9066348075866699,0.8746956586837769,1277.9000244140625,1266.279296875
2,15,0.7738016843795776,0.7692083120346069,1229.570068359375,1227.8988037109375
2,18,0.8024681210517883,0.8150795102119446,1240.0,1244.5885009765625
2,31,0.7434311509132385,0.7632357478141785,1218.52001953125,1225.7257080078125
2,43,0.8733234405517578,0.8101957440376282,1265.7799072265625,1242.8116455078125
2,48,0.8641710877418518,0.8332874774932861,1262.4500732421875,1251.2132568359375
2,54,0.8046668767929077,0.7995668649673462,1240.800048828125,1238.9444580078125
2,56,0.8426231145858765,0.813988447189331,1254.6099853515625,1244.1915283203125
2,58,0.9514346718788147,0.822913646697998,1294.2000732421875,1247.4388427734375
2,63,0.7822394371032715,0.7855990529060364,1232.6400146484375,1233.8624267578125
2,81,0.6933817267417908,0.7225333452224731,1200.3099365234375,1210.91650390625
2,83,0.6848614811897278,0.7091662287712097,1197.2100830078125,1206.052978515625
2,84,0.6834597587585449,0.6991792917251587,1196.699951171875,1202.41943359375
2,86,0.763384997844696,0.7692387700080872,1225.780029296875,1227.909912109375
2,100,0.6858234405517578,0.7112290859222412,1197.5599365234375,1206.8035888671875
2,101,0.6609498858451843,0.692432165145874,1188.510009765625,1199.9644775390625
2,105,0.7196844816207886,0.7710701823234558,1209.8800048828125,1228.576171875
2,107,0.7459322810173035,0.732093095779419,1219.429931640625,1214.3946533203125
2,113,0.5539247989654541,0.6168404817581177,1149.5699462890625,1172.4613037109375
2,118,0.7379617691040039,0.7018663287162781,1216.530029296875,1203.39697265625
2,126,0.47960641980171204,0.6286672353744507,1122.530029296875,1176.7642822265625
2,128,0.46462729573249817,0.5825914740562439,1117.080078125,1160.0001220703125
2,129,0.6659795641899109,0.654005765914917,1190.3399658203125,1185.9833984375
2,140,0.7243018746376038,0.6768220663070679,1211.56005859375,1194.284912109375
2,147,0.6900286078453064,0.7066973447799683,1199.0899658203125,1205.15478515625
2,148,0.7203441262245178,0.6561443209648132,1210.1199951171875,1186.761474609375
2,155,0.7211686372756958,0.7445375323295593,1210.4200439453125,1218.9224853515625
2,158,0.8050516843795776,0.6862733364105225,1240.9400634765625,1197.7236328125
2,163,0.6804914474487305,0.7699605822563171,1195.6199951171875,1228.1724853515625
2,170,0.7240819931030273,0.7731009721755981,1211.47998046875,1229.3150634765625
2,174,0.6626264452934265,0.6881015300750732,1189.1199951171875,1198.3887939453125
2,175,0.6635059118270874,0.7311457991600037,1189.43994140625,1214.050048828125
2,177,0.7171009182929993,0.7502421736717224,1208.9400634765625,1220.998046875
2,179,0.6329980492591858,0.6369203329086304,1178.340087890625,1179.76708984375
2,181,0.6751319169998169,0.7126615047454834,1193.6700439453125,1207.32470703125
2,182,0.7263907194137573,0.6861975193023682,1212.3199462890625,1197.696044921875
2,192,0.726940393447876,0.6888758540153503,1212.5198974609375,1198.6705322265625
2,195,0.7432113289833069,0.7130254507064819,1218.4400634765625,1207.4571533203125
2,198,0.6195305585861206,0.6624629497528076,1173.4400634765625,1189.0604248046875
2,199,0.8960531949996948,0.7884541749954224,1274.050048828125,1234.901123046875
2,208,0.21641381084918976,0.11843079328536987,1026.77001953125,991.119873046875
2,209,0.41658422350883484,0.4472018778324127,1099.5999755859375,1110.7398681640625
2,214,0.5504892468452454,0.5009475946426392,1148.320068359375,1130.2947998046875
2,218,0.296806275844574,0.35332152247428894,1056.02001953125,1076.58251953125
2,221,0.4665237367153168,0.48125985264778137,1117.77001953125,1123.131591796875
2,226,0.28806617856025696,0.3525833487510681,1052.840087890625,1076.31396484375
2,231,0.4579210579395294,0.4631888270378113,1114.6400146484375,1116.556640625
2,236,0.5025010704994202,0.41323259472846985,1130.8599853515625,1098.380615234375
2,243,0.6043040752410889,0.5400158762931824,1167.89990234375,1144.5093994140625
2,265,0.4610542953014374,0.41209232807159424,1115.7799072265625,1097.9656982421875
2,266,0.31593558192253113,0.3644568920135498,1062.97998046875,1080.6339111328125
2,274,0.37082234025001526,0.4455952048301697,1082.949951171875,1110.1553955078125
2,277,0.28748899698257446,0.4566245973110199,1052.6300048828125,1114.1683349609375
2,282,0.46883246302604675,0.47986456751823425,1118.6099853515625,1122.6239013671875
2,285,0.40012094378471375,0.414066880941391,1093.6099853515625,1098.68408203125
2,286,0.5436180830001831,0.5008426308631897,1145.820068359375,1130.256591796875
2,287,0.5348504781723022,0.4782905876636505,1142.6300048828125,1122.05126953125
2,291,0.5545294880867004,0.4648902416229248,1149.7900390625,1117.1756591796875
2,292,0.45899295806884766,0.40569037199020386,1115.0299072265625,1095.6363525390625
2,296,0.47781991958618164,0.43606939911842346,1121.8800048828125,1106.689453125
2,300,0.4826847016811371,0.3670926094055176,1123.6500244140625,1081.5928955078125
2,306,0.5622251629829407,0.582831859588623,1152.590087890625,1160.0875244140625
2,308,0.4776275157928467,0.4975427985191345,1121.8099365234375,1129.055908203125
2,309,0.3287433981895447,0.40515226125717163,1067.6400146484375,1095.4405517578125
2,310,0.4866974353790283,0.5438466668128967,1125.1099853515625,1145.9031982421875
2,312,0.4911499619483948,0.46958673000335693,1126.72998046875,1118.8843994140625
2,323,0.5020613670349121,0.4970564842224121,1130.699951171875,1128.8790283203125
2,326,0.5567007660865784,0.5737494230270386,1150.580078125,1156.782958984375
2,327,0.5086851119995117,0.5862109661102295,1133.1099853515625,1161.3170166015625
2,329,0.5825088024139404,0.4567921757698059,1159.969970703125,1114.229248046875
2,334,0.4147702157497406,0.4919048547744751,1098.9400634765625,1127.004638671875
2,341,0.5196239948272705,0.48558706045150757,1137.0899658203125,1124.7059326171875
2,346,0.5386708378791809,0.5835559368133545,1144.02001953125,1160.3509521484375
2,353,0.4768030047416687,0.47909051179885864,1121.510009765625,1122.34228515625
2,355,0.5465314388275146,0.5314584970474243,1146.8800048828125,1141.3958740234375
2,358,0.5185796022415161,0.518642783164978,1136.7099609375,1136.7330322265625
2,360,0.5162708759307861,0.488003134727478,1135.8699951171875,1125.5850830078125
2,363,0.5732190012931824,0.588819146156311,1156.5899658203125,1162.2659912109375
2,370,0.503133237361908,0.45712101459503174,1131.0899658203125,1114.348876953125
2,371,0.3562829792499542,0.4676010310649872,1077.6600341796875,1118.1619873046875
2,377,0.5218777656555176,0.5656094551086426,1137.909912109375,1153.8212890625
2,380,0.624175488948822,0.620348334312439,1175.1300048828125,1173.737548828125
2,405,0.49623459577560425,0.5405856370925903,1128.5799560546875,1144.7166748046875
2,410,0.6339874863624573,0.5386070609092712,1178.7000732421875,1143.996826171875
2,413,0.5112137198448181,0.5034826993942261,1134.030029296875,1131.2171630859375
2,423,0.7064643502235413,0.6313332915306091,1205.070068359375,1177.7342529296875
2,426,0.5831409692764282,0.5437403917312622,1160.2000732421875,1145.864501953125
2,428,0.5218502879142761,0.5605145692825317,1137.9000244140625,1151.9676513671875
2,430,0.5561235547065735,0.5752923488616943,1150.3699951171875,1157.3443603515625
2,435,0.5095646381378174,0.5992973446846008,1133.429931640625,1166.078369140625
2,439,0.6803814768791199,0.6640318632125854,1195.5799560546875,1189.63134765625
2,451,0.8483124375343323,0.7767972946166992,1256.6800537109375,1230.659912109375
2,453,0.5804474353790283,0.6216092705726624,1159.219970703125,1174.1962890625
2,457,0.6838720440864563,0.7243655920028687,1196.8499755859375,1211.5831298828125
2,461,0.707096517086029,0.7070271968841553,1205.2999267578125,1205.2747802734375
2,462,0.6408036351203918,0.7353171110153198,1181.1800537109375,1215.5677490234375
2,468,0.6466578841209412,0.7153858542442322,1183.3099365234375,1208.31591796875
2,471,0.6017755270004272,0.6308813095092773,1166.97998046875,1177.56982421875
2,480,0.6349769234657288,0.6444945335388184,1179.06005859375,1182.5228271484375
2,482,0.6293425559997559,0.6140823364257812,1177.010009765625,1171.4576416015625
2,485,0.6422053575515747,0.6855297088623047,1181.68994140625,1197.453125
2,490,0.7551121115684509,0.6983696222305298,1222.77001953125,1202.124755859375
2,493,0.6300296783447266,0.6094127893447876,1177.260009765625,1169.7587890625
2,500,0.5767645239830017,0.624991774559021,1157.8800048828125,1175.427001953125
2,513,0.6142260432243347,0.6156560182571411,1171.510009765625,1172.0302734375
2,516,0.6087566018104553,0.49810630083084106,1169.52001953125,1129.260986328125
2,522,0.4913698434829712,0.49791303277015686,1126.81005859375,1129.190673828125
2,526,0.48425132036209106,0.42032983899116516,1124.219970703125,1100.962890625
2,528,0.4664413034915924,0.47782284021377563,1117.739990234375,1121.881103515625
2,532,0.5781387686729431,0.5166900157928467,1158.3800048828125,1136.0224609375
2,535,0.5724494457244873,0.5521789193153381,1156.3099365234375,1148.934814453125
2,544,0.5847625136375427,0.5955837965011597,1160.7899169921875,1164.7271728515625
2,560,0.6619118452072144,0.6951431035995483,1188.8599853515625,1200.950927734375
2,566,0.7559641599655151,0.7439806461334229,1223.0799560546875,1218.7198486328125
2,567,0.8269844055175781,0.7765536308288574,1248.919921875,1230.5712890625
2,570,0.5982300043106079,0.7079858779907227,1165.6900634765625,1205.62353515625
2,582,0.8097240328788757,0.7401047945022583,1242.6400146484375,1217.3096923828125
2,583,0.6829375624656677,0.6912717819213867,1196.510009765625,1199.542236328125
2,585,0.6372581124305725,0.7276293635368347,1179.8900146484375,1212.7706298828125
2,589,0.7441732883453369,0.7602903246879578,1218.7899169921875,1224.654052734375
2,590,0.7517589926719666,0.6955031156539917,1221.5499267578125,1201.0819091796875
2,593,0.6644678711891174,0.5979059934616089,1189.7900390625,1165.5721435546875
2,597,0.5703606009483337,0.5681254863739014,1155.5499267578125,1154.7366943359375
2,598,0.613346517086029,0.5991491079330444,1171.18994140625,1166.0244140625
2,599,0.5478782057762146,0.6220382452011108,1147.3699951171875,1174.3524169921875
2,601,0.6643030047416687,0.6472488045692444,1189.72998046875,1183.5250244140625
2,602,0.6579540371894836,0.6011425256729126,1187.4200439453125,1166.749755859375
2,618,0.6379452347755432,0.6095427870750427,1180.1400146484375,1169.8060302734375
2,620,0.6849989295005798,0.6419143676757812,1197.260009765625,1181.5841064453125
2,621,0.653171718120575,0.654508113861084,1185.679931640625,1186.1661376953125
2,626,0.6699373126029968,0.6203905940055847,1191.780029296875,1173.7529296875
2,628,0.609306275844574,0.6221478581428528,1169.719970703125,1174.392333984375
2,634,0.5838280320167542,0.6477429866790771,1160.4500732421875,1183.7047119140625
2,650,0.6720261573791504,0.6176899075508118,1192.5399169921875,1172.770263671875
2,654,0.5994393229484558,0.6440624594688416,1166.1300048828125,1182.36572265625
2,660,0.6891765594482422,0.6643762588500977,1198.7799072265625,1189.756591796875
2,674,0.545019805431366,0.6541612148284912,1146.3299560546875,1186.0399169921875
2,677,0.6142535209655762,0.6723580956459045,1171.52001953125,1192.6607666015625
2,678,0.6732354760169983,0.7018146514892578,1192.97998046875,1203.378173828125
2,682,0.6736752390861511,0.6674195528030396,1193.1400146484375,1190.8638916015625
2,693,0.40138521790504456,0.4665989875793457,1094.0699462890625,1117.79736328125
2,694,0.4421723783016205,0.4710555672645569,1108.9100341796875,1119.4188232421875
2,701,0.5930353999137878,0.6042972803115845,1163.7999267578125,1167.8975830078125
2,705,0.4290347397327423,0.4746928811073303,1104.1300048828125,1120.7423095703125
2,706,0.613401472568512,0.5167203545570374,1171.2099609375,1136.0335693359375
2,710,0.5235543251037598,0.6564176082611084,1138.52001953125,1186.8609619140625
2,711,0.7245492339134216,0.6847784519195557,1211.6500244140625,1197.1798095703125
2,712,0.7086081504821777,0.7096988558769226,1205.8499755859375,1206.246826171875
2,721,0.5332013964653015,0.5858569741249084,1142.030029296875,1161.188232421875
2,730,0.5700857639312744,0.6401735544204712,1155.449951171875,1180.9508056640625
2,733,0.4100428819656372,0.5269482135772705,1097.219970703125,1139.7547607421875
2,741,0.5193766355514526,0.5783117413520813,1137.0,1158.4429931640625
2,743,0.59047931432724,0.6049256920814514,1162.8699951171875,1168.126220703125
2,745,0.8210477232933044,0.6569061279296875,1246.760009765625,1187.0386962890625
2,746,0.5827561616897583,0.498543918132782,1160.06005859375,1129.420166015625
2,752,0.519651472568512,0.5789414048194885,1137.0999755859375,1158.672119140625
2,756,0.584075391292572,0.6524664163589478,1160.5399169921875,1185.42333984375
2,757,0.6283256411552429,0.6439832448959351,1176.6400146484375,1182.3369140625
2,759,0.611615002155304,0.604411244392395,1170.56005859375,1167.93896484375
2,765,0.5547768473625183,0.5065196752548218,1149.8800048828125,1132.3221435546875
2,774,0.39396438002586365,0.4226936995983124,1091.3699951171875,1101.8228759765625
2,780,0.6978892087936401,0.6433520317077637,1201.9500732421875,1182.107177734375
2,781,0.7168535590171814,0.7431503534317017,1208.8499755859375,1218.4178466796875
2,782,0.6610597968101501,0.7051609754562378,1188.5499267578125,1204.5958251953125
2,798,0.5349054336547852,0.5911260843276978,1142.64990234375,1163.1053466796875
2,809,0.6877198815345764,0.6476983428001404,1198.25,1183.6885986328125
2,810,0.6192557215690613,0.7161701321601868,1173.3399658203125,1208.601318359375
2,813,0.7158915996551514,0.6996707916259766,1208.5,1202.59814453125
2,816,0.7846031188964844,0.762099027633667,1233.5,1225.31201171875
2,824,0.6882420778274536,0.6379534006118774,1198.4400634765625,1180.1429443359375
2,832,0.5578551292419434,0.5169881582260132,1151.0,1136.1309814453125
2,834,0.5234443545341492,0.5795230865478516,1138.47998046875,1158.8836669921875
2,839,0.34526166319847107,0.49856895208358765,1073.6500244140625,1129.4293212890625
2,841,0.612576961517334,0.6494517922401428,1170.909912109375,1184.3265380859375
2,843,0.550269365310669,0.5319873094558716,1148.239990234375,1141.5882568359375
2,844,0.317749559879303,0.41654035449028015,1063.6400146484375,1099.583984375
2,859,0.6016106009483337,0.5759956240653992,1166.9200439453125,1157.6002197265625
2,864,0.5715973973274231,0.5844578146934509,1156.0,1160.6790771484375
2,867,0.5847625136375427,0.6252404451370239,1160.7899169921875,1175.5174560546875
2,886,0.7930408716201782,0.8187063932418823,1236.5699462890625,1245.9080810546875
2,887,0.7481859922409058,0.7297132015228271,1220.25,1213.52880859375
2,892,0.6790897250175476,0.7178223133087158,1195.1099853515625,1209.202392578125
2,901,0.8798647522926331,0.7393471002578735,1268.1600341796875,1217.0340576171875
2,903,0.6919800043106079,0.7162387371063232,1199.800048828125,1208.626220703125
2,904,0.7755606770515442,0.7495929002761841,1230.2100830078125,1220.7618408203125
2,906,0.7628628015518188,0.7692927122116089,1225.5899658203125,1227.929443359375
2,907,0.84375,0.7677260637283325,1255.02001953125,1227.3594970703125
2,910,0.8018909692764282,0.8015695810317993,1239.7900390625,1239.673095703125
2,916,0.7149021625518799,0.7284207940101624,1208.1400146484375,1213.05859375
2,926,0.5441402792930603,0.6258656978607178,1146.010009765625,1175.7449951171875
2,931,0.5361422896385193,0.5834355354309082,1143.0999755859375,1160.30712890625
2,932,0.6491864323616028,0.699791431427002,1184.22998046875,1202.64208984375
2,936,0.5973779559135437,0.6242479681968689,1165.3800048828125,1175.1563720703125
2,937,0.7152594327926636,0.6845045685768127,1208.27001953125,1197.0802001953125
2,938,0.6892589926719666,0.6190468072891235,1198.8099365234375,1173.2640380859375
2,942,0.6880221962928772,0.727688729763031,1198.3599853515625,1212.792236328125
2,948,0.6119447946548462,0.5946266651153564,1170.6800537109375,1164.37890625
2,949,0.6816457509994507,0.7191430926322937,1196.0400390625,1209.6829833984375
2,950,0.6464654803276062,0.6615930795669556,1183.239990234375,1188.7440185546875
2,964,0.7099549174308777,0.6628352999687195,1206.3399658203125,1189.1959228515625
2,966,0.6838445663452148,0.6650764346122742,1196.8399658203125,1190.0113525390625
2,968,0.6214544773101807,0.6052396297454834,1174.1400146484375,1168.2403564453125
2,978,0.5943546891212463,0.5911400318145752,1164.280029296875,1163.1103515625
2,982,0.6283531188964844,0.6262340545654297,1176.64990234375,1175.87890625
2,984,0.6948109269142151,0.5981458425521851,1200.830078125,1165.659423828125
2,986,0.6973944306373596,0.6093147993087769,1201.77001953125,1169.72314453125
2,988,0.633327841758728,0.6227020025253296,1178.4599609375,1174.5938720703125
2,999,0.5153914093971252,0.51040118932724,1135.550048828125,1133.734375
2,1004,0.7546173930168152,0.7276338338851929,1222.5899658203125,1212.7723388671875
2,1006,0.716963529586792,0.6544975638389587,1208.8900146484375,1186.162353515625
2,1007,0.7069315910339355,0.7256571054458618,1205.239990234375,1212.0531005859375
2,1010,0.68980872631073,0.6808878183364868,1199.010009765625,1195.7642822265625
2,1030,0.4598999619483948,0.46799445152282715,1115.3599853515625,1118.3050537109375
2,1033,0.7028089165687561,0.6362528204917908,1203.739990234375,1179.524169921875
2,1040,0.7705309987068176,0.7029402256011963,1228.3800048828125,1203.7877197265625
2,1049,0.5721195936203003,0.6826132535934448,1156.18994140625,1196.3919677734375
2,1054,0.6241479516029358,0.6975641250610352,1175.1199951171875,1201.8316650390625
2,1055,0.6788973212242126,0.7080242037773132,1195.0400390625,1205.637451171875
2,1061,0.5871261954307556,0.61512291431427,1161.6500244140625,1171.8363037109375
2,1063,0.5408421158790588,0.6094685792922974,1144.81005859375,1169.779052734375
2,1068,0.7587950825691223,0.7226307392120361,1224.1099853515625,1210.951904296875
2,1073,0.7304309606552124,0.6825550198554993,1213.7900390625,1196.370849609375
2,1074,0.4865325391292572,0.5278239846229553,1125.050048828125,1140.073486328125
2,1080,0.6047713160514832,0.6832109093666077,1168.0699462890625,1196.6094970703125
2,1087,0.4890611171722412,0.60337895154953,1125.969970703125,1167.5633544921875
2,1101,0.9362082481384277,0.7758000493049622,1288.659912109375,1230.297119140625
2,1102,0.782404363155365,0.7175096273422241,1232.699951171875,1209.0887451171875
2,1117,0.6006211638450623,0.5913794040679932,1166.5599365234375,1163.1973876953125
2,1142,0.5435081124305725,0.5327370166778564,1145.780029296875,1141.8609619140625
2,1146,0.7006651163101196,0.6274722218513489,1202.9599609375,1176.3294677734375
2,1160,0.7318326830863953,0.6997538805007935,1214.2999267578125,1202.62841796875
2,1163,0.6707618832588196,0.6548398733139038,1192.080078125,1186.2869873046875
2,1164,0.6347020864486694,0.734855055809021,1178.9599609375,1215.399658203125
2,1172,0.6706793904304504,0.709182858467102,1192.050048828125,1206.05908203125
2,1185,0.687637448310852,0.7633950114250183,1198.219970703125,1225.7835693359375
2,1189,0.7718502879142761,0.7447738647460938,1228.8599853515625,1219.008544921875
2,1190,0.7495052814483643,0.6541320085525513,1220.72998046875,1186.0294189453125
2,1196,0.767480194568634,0.6678646802902222,1227.27001953125,1191.02587890625
2,1197,0.7860872745513916,0.7550243139266968,1234.0399169921875,1222.738037109375
2,1200,0.6225538849830627,0.7081133127212524,1174.5400390625,1205.669921875
2,1204,0.5633520483970642,0.6380254030227661,1153.0,1180.169189453125
2,1205,0.7298538088798523,0.7674468159675598,1213.5799560546875,1227.2579345703125
2,1216,0.7537104487419128,0.7464438676834106,1222.260009765625,1219.6160888671875
2,1221,0.7515391111373901,0.6666982173919678,1221.469970703125,1190.6014404296875
2,1222,0.6651824712753296,0.6462070345878601,1190.050048828125,1183.14599609375
2,1223,0.6063379645347595,0.7105492353439331,1168.6400146484375,1206.5562744140625
2,1225,0.8063159584999084,0.7199877500534058,1241.4000244140625,1209.9903564453125
2,1229,0.6880221962928772,0.6584461331367493,1198.3599853515625,1187.59912109375
2,1235,0.6733179688453674,0.6648833751678467,1193.010009765625,1189.941162109375
2,1247,0.7506871223449707,0.6892924308776855,1221.159912109375,1198.8221435546875
2,1258,0.6439368724822998,0.696246862411499,1182.3199462890625,1201.3524169921875
2,1265,0.5612082481384277,0.6481767892837524,1152.219970703125,1183.8626708984375
2,1278,0.8277264833450317,0.7434991598129272,1249.1900634765625,1218.5447998046875
2,1280,0.757558286190033,0.8031878471374512,1223.6600341796875,1240.2618408203125
2,1285,0.803017795085907,0.7989391684532166,1240.199951171875,1238.716064453125
2,1293,0.7827616333961487,0.8463146090507507,1232.830078125,1255.953125
2,1298,0.7805353999137878,0.8081079125404358,1232.02001953125,1242.052001953125
2,1301,0.8569700717926025,0.8679518103599548,1259.8299560546875,1263.8255615234375
2,1304,0.9933212399482727,0.9041445851325989,1309.4400634765625,1276.9940185546875
2,1307,0.821652352809906,0.8591691255569458,1246.97998046875,1260.630126953125
2,1310,0.8018359541893005,0.7856379151344299,1239.77001953125,1233.87646484375
2,1312,0.6744447946548462,0.7723817825317383,1193.4200439453125,1229.0533447265625
2,1314,0.6756266355514526,0.7241537570953369,1193.8499755859375,1211.506103515625
2,1324,0.7213885188102722,0.6016716957092285,1210.5,1166.942138671875
2,1325,0.7236972451210022,0.6059892177581787,1211.340087890625,1168.5130615234375
2,1333,0.7158366441726685,0.7197239398956299,1208.47998046875,1209.894287109375
2,1334,0.5955640077590942,0.6617423295974731,1164.719970703125,1188.79833984375
2,1353,0.6574867963790894,0.6118820905685425,1187.25,1170.6572265625
2,1355,0.6466029286384583,0.7304452657699585,1183.2900390625,1213.795166015625
2,1356,0.5544744729995728,0.5485367178916931,1149.77001953125,1147.609619140625
2,1360,0.7419469952583313,0.6808011531829834,1217.97998046875,1195.732666015625
2,1373,0.5180023908615112,0.6346011161804199,1136.5,1178.9232177734375
2,1381,0.4978561997413635,0.6319023966789246,1129.1700439453125,1177.94140625
2,1394,0.8832178711891174,0.7647114396095276,1269.3800048828125,1226.2626953125
2,1404,0.7191348075866699,0.7488338947296143,1209.679931640625,1220.4857177734375
2,1406,0.8385279178619385,0.8566910028457642,1253.1199951171875,1259.728515625
2,1414,0.65201735496521,0.614866316318512,1185.260009765625,1171.7430419921875
2,1417,0.36024075746536255,0.4747060537338257,1079.0999755859375,1120.7470703125
2,1427,0.5720921158790588,0.5440102219581604,1156.1800537109375,1145.962646484375
2,1428,0.43942391872406006,0.5027323365211487,1107.9100341796875,1130.9442138671875
2,1429,0.5112411975860596,0.4683496356010437,1134.0399169921875,1118.434326171875
2,1442,0.5712401270866394,0.5789312720298767,1155.8699951171875,1158.6683349609375
2,1446,0.5607959628105164,0.6178821921348572,1152.0699462890625,1172.8402099609375
2,1452,0.6404463648796082,0.7162652611732483,1181.050048828125,1208.635986328125
2,1453,0.7523362040519714,0.6769925355911255,1221.760009765625,1194.346923828125
2,1456,0.7098724842071533,0.5497422814369202,1206.3099365234375,1148.0482177734375
2,1465,0.5821239948272705,0.5450542569160461,1159.8299560546875,1146.342529296875
2,1469,0.5893799662590027,0.6542137861251831,1162.469970703125,1186.0592041015625
2,1470,0.660345196723938,0.6062890887260437,1188.2900390625,1168.6221923828125
2,1483,0.6010884046554565,0.6332589387893677,1166.72998046875,1178.4349365234375
2,1487,0.5915237665176392,0.4940371811389923,1163.25,1127.780517578125
2,1488,0.7685246467590332,0.6194567680358887,1227.6500244140625,1173.4130859375
2,1489,0.6017755270004272,0.5269944667816162,1166.97998046875,1139.7716064453125
2,1494,0.5723394751548767,0.6286400556564331,1156.27001953125,1176.75439453125
2,1501,0.7959268093109131,0.7103716135025024,1237.6199951171875,1206.4915771484375
2,1507,0.7685796022415161,0.7313185930252075,1227.6700439453125,1214.1129150390625
2,1510,0.7792436480522156,0.7115989923477173,1231.550048828125,1206.938232421875
2,1512,0.6314588785171509,0.6623837947845459,1177.780029296875,1189.03173828125
2,1514,0.7413973212242126,0.6683526039123535,1217.780029296875,1191.203369140625
2,1523,0.5156112313270569,0.6218529939651489,1135.6300048828125,1174.2850341796875
2,1532,0.9699867963790894,0.8368246555328369,1300.949951171875,1252.500244140625
2,1539,0.6986587643623352,0.8034197092056274,1202.22998046875,1240.34619140625
2,1541,0.84702068567276,0.793527364730835,1256.2100830078125,1236.7469482421875
2,1542,0.730980634689331,0.696137547492981,1213.989990234375,1201.312744140625
2,1549,0.6853012442588806,0.739382266998291,1197.3699951171875,1217.0467529296875
2,1551,0.6113126873970032,0.635774552822113,1170.4500732421875,1179.3502197265625
2,1555,0.5204210877418518,0.5620560050010681,1137.3800048828125,1152.5284423828125
2,1558,0.527347207069397,0.5873334407806396,1139.9000244140625,1161.725341796875
2,1559,0.7699538469314575,0.6526436805725098,1228.1700439453125,1185.48779296875
2,1560,0.6162049174308777,0.6310521364212036,1172.22998046875,1177.6319580078125
2,1561,0.8471580743789673,0.7017520666122437,1256.260009765625,1203.35546875
2,1566,0.6329155564308167,0.5719445943832397,1178.31005859375,1156.1263427734375
2,1582,0.7985377907752991,0.7665061354637146,1238.570068359375,1226.91552734375
2,1592,0.7730321288108826,0.7602168917655945,1229.2900390625,1224.6273193359375
2,1619,0.6471526026725769,0.6814115047454834,1183.489990234375,1195.9547119140625
2,1625,0.742963969707489,0.6797527074813843,1218.3499755859375,1195.3511962890625
2,1629,0.7409575581550598,0.7279877662658691,1217.6199951171875,1212.9010009765625
2,1632,0.6591084003448486,0.7165387868881226,1187.8399658203125,1208.7354736328125
2,1641,0.5123406052589417,0.5804824829101562,1134.4400634765625,1159.232666015625
2,1644,0.5762972831726074,0.6129331588745117,1157.7099609375,1171.03955078125
2,1645,0.6345921158790588,0.6759225726127625,1178.9200439453125,1193.9576416015625
2,1654,0.5878133177757263,0.6049655675888062,1161.9000244140625,1168.140625
2,1655,0.5138522386550903,0.5930659770965576,1134.989990234375,1163.81103515625
2,1659,0.4578661024570465,0.5908317565917969,1114.6199951171875,1162.9981689453125
2,1661,0.5762423276901245,0.6356689929962158,1157.6900634765625,1179.311767578125
2,1665,0.6110377907752991,0.6045210361480713,1170.3499755859375,1167.9788818359375
2,1672,0.5543920397758484,0.6141301989555359,1149.739990234375,1171.47509765625
2,1681,0.5041226744651794,0.5908844470977783,1131.449951171875,1163.017333984375
2,1683,0.5738511681556702,0.6260839700698853,1156.820068359375,1175.8243408203125
2,1691,0.5754177570343018,0.5759729146957397,1157.3900146484375,1157.592041015625
2,1693,0.5264402031898499,0.6143143773078918,1139.570068359375,1171.5421142578125
2,1698,0.5833607912063599,0.6478612422943115,1160.280029296875,1183.747802734375
2,1703,0.6992359161376953,0.6214048862457275,1202.43994140625,1174.1219482421875
2,1704,0.5883905291557312,0.6055972576141357,1162.1099853515625,1168.3704833984375
2,1706,0.6504507660865784,0.6198565363883972,1184.6900634765625,1173.55859375
2,1710,0.6738401651382446,0.6727997064590454,1193.199951171875,1192.8214111328125
2,1713,0.6369283199310303,0.6358867883682251,1179.77001953125,1179.39111328125
2,1720,0.6030398011207581,0.6909530758857727,1167.4400634765625,1199.4263916015625
2,1726,0.7007750868797302,0.6500785946846008,1203.0,1184.5545654296875
2,1729,0.6172493696212769,0.7273313999176025,1172.6099853515625,1212.6622314453125
2,1730,0.8024955987930298,0.764891505241394,1240.010009765625,1226.328125
2,1731,0.7348009943962097,0.7868585586547852,1215.3800048828125,1234.320556640625
2,1735,0.6443216800689697,0.6597996950149536,1182.4599609375,1188.091552734375
2,1743,0.545019805431366,0.6436781883239746,1146.3299560546875,1182.225830078125
2,1748,0.7295789122581482,0.6424525380134583,1213.47998046875,1181.7799072265625
2,1751,0.5798153281211853,0.5246800184249878,1158.989990234375,1138.9295654296875
2,1752,0.41633686423301697,0.4889332056045532,1099.510009765625,1125.9234619140625
2,1755,0.6377253532409668,0.7234528660774231,1180.0599365234375,1211.2510986328125
2,1760,0.6425626873970032,0.6569182872772217,1181.820068359375,1187.0430908203125
2,1764,0.46347296237945557,0.6005882024765015,1116.6600341796875,1166.5479736328125
2,1766,0.7293315529823303,0.6701380014419556,1213.3900146484375,1191.85302734375
2,1768,0.5200362801551819,0.5476058125495911,1137.239990234375,1147.2708740234375
2,1773,0.5413918495178223,0.5871366262435913,1145.010009765625,1161.65380859375
2,1780,0.5782486796379089,0.532855749130249,1158.419921875,1141.9041748046875
2,1786,0.5310301184654236,0.5858316421508789,1141.239990234375,1161.178955078125
2,1800,0.8297877907752991,0.7722921371459961,1249.9400634765625,1229.020751953125
2,1801,0.6739500761032104,0.6830726861953735,1193.239990234375,1196.5592041015625
2,1803,0.812692403793335,0.6804513931274414,1243.719970703125,1195.6053466796875
2,1806,0.5544195175170898,0.5404043197631836,1149.75,1144.650634765625
2,1807,0.5032432079315186,0.4722825884819031,1131.1300048828125,1119.865234375
2,1811,0.7428814768791199,0.6468896865844727,1218.3199462890625,1183.394287109375
2,1812,0.5300132036209106,0.5842946767807007,1140.8699951171875,1160.6197509765625
2,1814,0.7730870842933655,0.6391734480857849,1229.31005859375,1180.5867919921875
2,1816,0.6337676048278809,0.613456130027771,1178.6199951171875,1171.2298583984375
2,1821,0.610075831413269,0.656742513179779,1170.0,1186.9791259765625
3,0,0.7785290479660034,0.7434242963790894,1231.2900390625,1218.5174560546875
3,2,0.7608289122581482,0.7782514095306396,1224.8499755859375,1231.18896484375
3,3,0.8206629157066345,0.8842675089836121,1246.6199951171875,1269.7618408203125
3,5,0.7286169528961182,0.8043684959411621,1213.1300048828125,1240.69140625
3,6,0.8001593947410583,0.7941982746124268,1239.1600341796875,1236.9910888671875
3,7,0.8881101608276367,0.7639985084533691,1271.159912109375,1226.003173828125
3,12,0.8057662844657898,0.8413352966308594,1241.199951171875,1254.141357421875
3,24,0.8533421158790588,0.8291379809379578,1258.510009765625,1249.7034912109375
3,25,0.8176671266555786,0.8136665225028992,1245.530029296875,1244.074462890625
3,27,0.8506486415863037,0.8336136937141418,1257.5299072265625,1251.33203125
3,33,0.7537104487419128,0.819242537021637,1222.260009765625,1246.103271484375
3,39,0.8759344816207886,0.8051408529281616,1266.72998046875,1240.972412109375
3,41,0.8122251629829407,0.8077642321586609,1243.550048828125,1241.9268798828125
3,42,0.7507970333099365,0.8280935287475586,1221.199951171875,1249.323486328125
3,45,0.8194810748100281,0.8399931192398071,1246.18994140625,1253.653076171875
3,47,0.9257366061210632,0.8339201807975769,1284.8499755859375,1251.4434814453125
3,52,0.8422658443450928,0.8097507357597351,1254.47998046875,1242.649658203125
3,55,0.8878628015518188,0.8280029296875,1271.0699462890625,1249.29052734375
3,60,0.8328935503959656,0.8176419138908386,1251.0699462890625,1245.5208740234375
3,66,0.8884949684143066,0.8099134564399719,1271.2999267578125,1242.708984375
3,68,0.7559916377067566,0.8191510438919067,1223.0899658203125,1246.0699462890625
3,72,0.7538203597068787,0.7981641292572021,1222.2999267578125,1238.4339599609375
3,74,0.8576846718788147,0.7776720523834229,1260.0899658203125,1230.9781494140625
3,77,0.770805835723877,0.7739793062210083,1228.47998046875,1229.6346435546875
3,80,0.598807156085968,0.6513801217079163,1165.9000244140625,1185.0281982421875
3,82,0.6523197293281555,0.6611539721488953,1185.3699951171875,1188.584228515625
3,85,0.6033421158790588,0.7137942314147949,1167.550048828125,1207.73681640625
3,88,0.8942942023277283,0.755889356136322,1273.4100341796875,1223.052734375
3,92,0.8032651543617249,0.8041348457336426,1240.2900390625,1240.6063232421875
3,94,0.7617359161376953,0.7821758985519409,1225.179931640625,1232.616943359375
3,96,0.6201077103614807,0.6778957843780518,1173.6500244140625,1194.675537109375
3,97,0.8030452728271484,0.8006665110588074,1240.2099609375,1239.344482421875
3,102,0.7498350739479065,0.732763409614563,1220.8499755859375,1214.638671875
3,106,0.7706684470176697,0.7910683751106262,1228.429931640625,1235.852294921875
3,110,0.8253078460693359,0.7802509069442749,1248.3099365234375,1231.91650390625
3,117,0.5623900890350342,0.6318949460983276,1152.6500244140625,1177.938720703125
3,120,0.6124669909477234,0.602030873298645,1170.8699951171875,1167.0728759765625
3,125,0.6146658062934875,0.5812321901321411,1171.6700439453125,1159.5054931640625
3,131,0.6751044392585754,0.6111645102500916,1193.6600341796875,1170.3961181640625
3,132,0.6541611552238464,0.6461225748062134,1186.0399169921875,1183.115234375
3,136,0.5834707617759705,0.5931532979011536,1160.3199462890625,1163.8428955078125
3,137,0.6128517985343933,0.6286765336990356,1171.010009765625,1176.7677001953125
3,138,0.6390721201896667,0.6524386405944824,1180.5499267578125,1185.4132080078125
3,139,0.5471085906028748,0.6070210933685303,1147.0899658203125,1168.8885498046875
3,142,0.6333553194999695,0.6007605791091919,1178.469970703125,1166.6107177734375
3,144,0.6000439524650574,0.6158562302589417,1166.3499755859375,1172.1031494140625
3,156,0.624862551689148,0.7109363079071045,1175.3800048828125,1206.697021484375
3,164,0.7420844435691833,0.728712797164917,1218.030029296875,1213.164794921875
3,165,0.7550022006034851,0.7876303195953369,1222.72998046875,1234.601318359375
3,167,0.8191787600517273,0.7714581489562988,1246.0799560546875,1228.71728515625
3,171,0.8303924798965454,0.8003746271133423,1250.1600341796875,1239.23828125
3,178,0.720866322517395,0.6863483786582947,1210.31005859375,1197.7509765625
3,183,0.6545459628105164,0.6920701265335083,1186.179931640625,1199.832763671875
3,193,0.6055958867073059,0.624667763710022,1168.3699951171875,1175.30908203125
3,194,0.6818381547927856,0.6786679029464722,1196.1099853515625,1194.95654296875
3,204,0.6519074440002441,0.5662456750869751,1185.219970703125,1154.0528564453125
3,211,0.5841029286384583,0.538211464881897,1160.550048828125,1143.8529052734375
3,213,0.34814754128456116,0.4649409055709839,1074.699951171875,1117.194091796875
3,215,0.4932662844657898,0.4671975374221802,1127.5,1118.01513671875
3,222,0.530425488948822,0.6308653354644775,1141.02001953125,1177.56396484375
3,224,0.5783036351203918,0.5757498741149902,1158.4400634765625,1157.5107421875
3,227,0.503078281879425,0.5032722353935242,1131.070068359375,1131.1405029296875
3,228,0.41221415996551514,0.45241180062294006,1098.010009765625,1112.635498046875
3,232,0.6522372364997864,0.6343616843223572,1185.3399658203125,1178.836181640625
3,235,0.5328441262245178,0.6701467037200928,1141.9000244140625,1191.8560791015625
3,238,0.3950362801551819,0.3118060827255249,1091.760009765625,1061.4775390625
3,242,0.46319809556007385,0.48163795471191406,1116.5599365234375,1123.2691650390625
3,248,0.45324867963790894,0.4925083816051483,1112.93994140625,1127.2242431640625
3,249,0.22202067077159882,0.33966100215911865,1028.81005859375,1071.6123046875
3,256,0.3706849217414856,0.32253485918045044,1082.9000244140625,1065.381103515625
3,258,0.5098669528961182,0.5084658265113831,1133.5399169921875,1133.0302734375
3,260,0.4040237367153168,0.3563475012779236,1095.030029296875,1077.6834716796875
3,267,0.3981420397758484,0.3668750524520874,1092.8900146484375,1081.5137939453125
3,272,0.480760782957077,0.3550429940223694,1122.949951171875,1077.2088623046875
3,273,0.45871812105178833,0.2847624719142914,1114.9300537109375,1051.637939453125
3,280,0.07503297924995422,0.11089563369750977,975.3300170898438,988.3782348632812
3,281,0.17502199113368988,0.2615397274494171,1011.7100219726562,1043.1885986328125
3,290,0.38148635625839233,0.4855978786945343,1086.8299560546875,1124.7099609375
3,294,0.6027100086212158,0.5281317830085754,1167.3199462890625,1140.185546875
3,299,0.5018964409828186,0.46504849195480347,1130.6400146484375,1117.2332763671875
3,302,0.5132200717926025,0.5486029982566833,1134.760009765625,1147.6336669921875
3,311,0.5148691534996033,0.4471489489078522,1135.3599853515625,1110.720703125
3,314,0.369750440120697,0.4275413453578949,1082.5599365234375,1103.586669921875
3,318,0.35886654257774353,0.427590548992157,1078.5999755859375,1103.6044921875
3,319,0.5216578841209412,0.4449912905693054,1137.8299560546875,1109.9356689453125
3,321,0.636461079120636,0.5889052152633667,1179.5999755859375,1162.2972412109375
3,325,0.5405123233795166,0.5192979574203491,1144.68994140625,1136.9713134765625
3,328,0.6151605248451233,0.5599560737609863,1171.8499755859375,1151.764404296875
3,333,0.6504782438278198,0.5918947458267212,1184.699951171875,1163.385009765625
3,336,0.49881815910339355,0.431976318359375,1129.52001953125,1105.2001953125
3,348,0.6468502879142761,0.515077531337738,1183.3800048828125,1135.435791015625
3,349,0.37813323736190796,0.46056753396987915,1085.6099853515625,1115.6029052734375
3,359,0.5079430341720581,0.5330678224563599,1132.8399658203125,1141.9814453125
3,362,0.6234608888626099,0.5394619107246399,1174.8699951171875,1144.307861328125
3,364,0.53355872631073,0.6309511661529541,1142.1600341796875,1177.59521484375
3,368,0.4600648581981659,0.3797810673713684,1115.419921875,1086.2095947265625
3,375,0.68326735496521,0.5728768110275269,1196.6300048828125,1156.4654541015625
3,376,0.5531827211380005,0.46602705121040344,1149.300048828125,1117.58935546875
3,388,0.5993018746376038,0.5697868466377258,1166.080078125,1155.34130859375
3,390,0.6288478374481201,0.6361884474754333,1176.8299560546875,1179.500732421875
3,393,0.5132200717926025,0.6006163358688354,1134.760009765625,1166.5582275390625
3,404,0.5759674310684204,0.4991946816444397,1157.5899658203125,1129.656982421875
3,409,0.6054584383964539,0.6682385206222534,1168.3199462890625,1191.161865234375
3,419,0.5225098729133606,0.5781132578849792,1138.1400146484375,1158.3707275390625
3,421,0.4413753151893616,0.516253650188446,1108.6199951171875,1135.86376953125
3,424,0.47798481583595276,0.5529879331588745,1121.93994140625,1149.2291259765625
3,434,0.4796888828277588,0.532328724861145,1122.5599365234375,1141.7125244140625
3,436,0.5536499619483948,0.5870811939239502,1149.469970703125,1161.633544921875
3,440,0.724961519241333,0.7486710548400879,1211.7999267578125,1220.4263916015625
3,442,0.759344756603241,0.6801259517669678,1224.3099365234375,1195.4869384765625
3,445,0.6422603130340576,0.6750434637069702,1181.7099609375,1193.6378173828125
3,446,0.7890831232070923,0.7681551575660706,1235.1300048828125,1227.515625
3,447,0.7472240328788757,0.7560828924179077,1219.9000244140625,1223.1231689453125
3,448,0.7438709139823914,0.782448947429657,1218.679931640625,1232.7161865234375
3,458,0.6934916377067566,0.7012917995452881,1200.3499755859375,1203.18798828125
3,465,0.6867304444313049,0.7723814249038696,1197.8900146484375,1229.05322265625
3,467,0.6232684850692749,0.6455202102661133,1174.800048828125,1182.89599609375
3,477,0.6070525646209717,0.6813685894012451,1168.9000244140625,1195.9390869140625
3,503,0.729386568069458,0.608338475227356,1213.409912109375,1169.367919921875
3,505,0.5091248750686646,0.5572140216827393,1133.27001953125,1150.7667236328125
3,507,0.40207234025001526,0.5021219253540039,1094.3199462890625,1130.7220458984375
3,519,0.5220426321029663,0.508993923664093,1137.969970703125,1133.222412109375
3,523,0.44299691915512085,0.4516797363758087,1109.2099609375,1112.369140625
3,525,0.6588885188102722,0.6492906808853149,1187.760009765625,1184.2679443359375
3,531,0.45352351665496826,0.477717787027359,1113.0400390625,1121.8427734375
3,533,0.5131376385688782,0.5039806962013245,1134.72998046875,1131.3983154296875
3,536,0.5532101988792419,0.5721006989479065,1149.3099365234375,1156.18310546875
3,541,0.510444164276123,0.4490649104118347,1133.75,1111.417724609375
3,542,0.49224933981895447,0.5304151773452759,1127.1300048828125,1141.0162353515625
3,545,0.5575527548789978,0.5913291573524475,1150.8900146484375,1163.17919921875
3,547,0.6859058737754822,0.6988945603370667,1197.5899658203125,1202.3157958984375
3,549,0.5590094327926636,0.6272454261779785,1151.4200439453125,1176.2469482421875
3,553,0.5318271517753601,0.5444966554641724,1141.530029296875,1146.1396484375
3,558,0.8606255650520325,0.825374960899353,1261.1600341796875,1248.33447265625
3,571,0.7518964409828186,0.6739245653152466,1221.5999755859375,1193.230712890625
3,572,0.6942337155342102,0.7061949968338013,1200.6199951171875,1204.9720458984375
3,573,0.5377088785171509,0.6694933176040649,1143.6700439453125,1191.618408203125
3,578,0.8141216039657593,0.7356136441230774,1244.239990234375,1215.6756591796875
3,579,0.7504672408103943,0.8044869899749756,1221.0799560546875,1240.7344970703125
3,581,0.7827891111373901,0.6240302920341492,1232.8399658203125,1175.0771484375
3,594,0.6437720060348511,0.6006902456283569,1182.260009765625,1166.5850830078125
3,603,0.568574070930481,0.5010031461715698,1154.9000244140625,1130.31494140625
3,605,0.5821789503097534,0.6079680919647217,1159.8499755859375,1169.2330322265625
3,615,0.3844272196292877,0.5391340851783752,1087.9000244140625,1144.1885986328125
3,622,0.690440833568573,0.7012828588485718,1199.239990234375,1203.184814453125
3,624,0.7006651163101196,0.7427728176116943,1202.9599609375,1218.2803955078125
3,630,0.5863291621208191,0.6071426868438721,1161.3599853515625,1168.9327392578125
3,636,0.604249119758606,0.6205958127975464,1167.8800048828125,1173.82763671875
3,638,0.6794469952583313,0.6102574467658997,1195.239990234375,1170.0660400390625
3,644,0.701077401638031,0.6413950324058533,1203.1099853515625,1181.3951416015625
3,649,0.6174142360687256,0.6421185731887817,1172.669921875,1181.658447265625
3,661,0.5841578841209412,0.6269875764846802,1160.5699462890625,1176.1531982421875
3,664,0.748021125793457,0.6337181329727173,1220.18994140625,1178.60205078125
3,665,0.7369447946548462,0.6465237736701965,1216.1600341796875,1183.26123046875
3,666,0.6673262715339661,0.6693318486213684,1190.830078125,1191.5596923828125
3,668,0.8430079221725464,0.7489331364631653,1254.75,1220.5218505859375
3,672,0.6251649260520935,0.589015007019043,1175.489990234375,1162.337158203125
3,673,0.5629397630691528,0.588318943977356,1152.8499755859375,1162.083984375
3,676,0.679172158241272,0.6267043352127075,1195.1400146484375,1176.0501708984375
3,691,0.663615882396698,0.6060316562652588,1189.47998046875,1168.528564453125
3,695,0.6026824712753296,0.46861475706100464,1167.3099365234375,1118.53076171875
3,714,0.7265556454658508,0.695512592792511,1212.3800048828125,1201.0853271484375
3,716,0.49491533637046814,0.6038365364074707,1128.0999755859375,1167.7298583984375
3,718,0.4360707998275757,0.4555056095123291,1106.6900634765625,1113.7611083984375
3,723,0.7451627254486084,0.6361157298088074,1219.1500244140625,1179.474365234375
3,724,0.5701956748962402,0.545628547668457,1155.489990234375,1146.5513916015625
3,737,0.45973503589630127,0.42209765315055847,1115.300048828125,1101.60595703125
3,762,0.639401912689209,0.604543149471283,1180.669921875,1167.9869384765625
3,764,0.4886763393878937,0.4670157730579376,1125.830078125,1117.9490966796875
3,770,0.6744722723960876,0.6790704727172852,1193.429931640625,1195.1029052734375
3,778,0.769651472568512,0.6887999773025513,1228.06005859375,1198.6429443359375
3,786,0.6318436861038208,0.6749987006187439,1177.9200439453125,1193.6214599609375
3,787,0.5859718322753906,0.6985759735107422,1161.22998046875,1202.1998291015625
3,788,0.5193491578102112,0.5331915616989136,1136.989990234375,1142.0263671875
3,793,0.5463665127754211,0.6451146602630615,1146.820068359375,1182.74853515625
3,796,0.6401439905166626,0.715750515460968,1180.93994140625,1208.44873046875
3,803,0.7017645239830017,0.7089232206344604,1203.3599853515625,1205.964599609375
3,811,0.68980872631073,0.6964555382728577,1199.010009765625,1201.428466796875
3,812,0.7365875244140625,0.7433444261550903,1216.0299072265625,1218.4884033203125
3,829,0.49123239517211914,0.6018033027648926,1126.760009765625,1166.9901123046875
3,842,0.48840150237083435,0.47074535489082336,1125.72998046875,1119.3060302734375
3,845,0.4647372364997864,0.5013101100921631,1117.1199951171875,1130.4266357421875
3,846,0.5913038849830627,0.5396115183830261,1163.1700439453125,1144.3621826171875
3,847,0.5274845957756042,0.48070862889289856,1139.949951171875,1122.9310302734375
3,849,0.39748239517211914,0.4360521733760834,1092.64990234375,1106.6832275390625
3,858,0.5901220440864563,0.5248139500617981,1162.739990234375,1138.9783935546875
3,865,0.616672158241272,0.5725588202476501,1172.4000244140625,1156.3497314453125
3,873,0.7705309987068176,0.7175819873809814,1228.3800048828125,1209.114990234375
3,889,0.7321075201034546,0.69970703125,1214.4000244140625,1202.611328125
3,893,0.8400120735168457,0.7919149398803711,1253.659912109375,1236.1602783203125
3,899,0.6569920778274536,0.7153158783912659,1187.0699462890625,1208.29052734375
3,900,0.8235487937927246,0.7855241894721985,1247.669921875,1233.835205078125
3,905,0.7747086882591248,0.7695679664611816,1229.9000244140625,1228.029541015625
3,915,0.7221031188964844,0.6607556939125061,1210.760009765625,1188.4393310546875
3,918,0.670651912689209,0.7075424790382385,1192.0399169921875,1205.4622802734375
3,921,0.6962676048278809,0.6552677154541016,1201.3599853515625,1186.442626953125
3,922,0.7481310367584229,0.7087274193763733,1220.22998046875,1205.8934326171875
3,923,0.6326956748962402,0.615632951259613,1178.22998046875,1172.0218505859375
3,930,0.7520613670349121,0.7105478048324585,1221.659912109375,1206.5556640625
3,940,0.6081793904304504,0.6125686168670654,1169.31005859375,1170.906982421875
3,943,0.6143909692764282,0.6088602542877197,1171.570068359375,1169.5576171875
3,944,0.5840204358100891,0.5558084845542908,1160.52001953125,1150.25537109375
3,946,0.5845426321029663,0.620069146156311,1160.7099609375,1173.635986328125
3,952,0.5785784721374512,0.5832744240760803,1158.5399169921875,1160.24853515625
3,962,0.4246097207069397,0.5306203961372375,1102.52001953125,1141.0909423828125
3,973,0.7223779559135437,0.6874650716781616,1210.8599853515625,1198.1573486328125
3,974,0.5377363562583923,0.6101341247558594,1143.679931640625,1170.0211181640625
3,983,0.730403482913971,0.69588303565979,1213.780029296875,1201.2200927734375
3,985,0.6453385949134827,0.6459652781486511,1182.830078125,1183.0579833984375
3,989,0.7326022386550903,0.6957697868347168,1214.5799560546875,1201.1788330078125
3,993,0.7008575201034546,0.70322585105896,1203.030029296875,1203.8916015625
3,1001,0.7804529666900635,0.738061249256134,1231.989990234375,1216.5662841796875
3,1013,0.5289687514305115,0.6850416660308838,1140.489990234375,1197.2755126953125
3,1018,0.389731764793396,0.4244387447834015,1089.8299560546875,1102.4578857421875
3,1023,0.5670349597930908,0.6573386192321777,1154.3399658203125,1187.196044921875
3,1026,0.7327671647071838,0.6523960828781128,1214.6400146484375,1185.3978271484375
3,1034,0.8059586882591248,0.6723672151565552,1241.27001953125,1192.6640625
3,1037,0.6451187133789062,0.7463189959526062,1182.75,1219.5706787109375
3,1041,0.5391655564308167,0.5495581030845642,1144.2000732421875,1147.981201171875
3,1046,0.5949867963790894,0.6370109915733337,1164.510009765625,1179.800048828125
3,1052,0.7003078460693359,0.6351458430290222,1202.8299560546875,1179.1214599609375
3,1053,0.6058432459831238,0.6943850517272949,1168.4599609375,1200.675048828125
3,1057,0.5557937622070312,0.5840939283370972,1150.25,1160.5467529296875
3,1067,0.6724384427070618,0.6627508401870728,1192.6900634765625,1189.165283203125
3,1075,0.46861258149147034,0.5664786100387573,1118.530029296875,1154.1375732421875
3,1083,0.6549857258796692,0.6899926662445068,1186.340087890625,1199.076904296875
3,1089,0.5105265974998474,0.5853508710861206,1133.780029296875,1161.0040283203125
3,1090,0.6131541132926941,0.6141688823699951,1171.1199951171875,1171.4891357421875
3,1094,0.7273526787757874,0.696338415145874,1212.6700439453125,1201.3857421875
3,1103,0.6939588785171509,0.6795777678489685,1200.52001953125,1195.28759765625
3,1106,0.6448438763618469,0.6459329724311829,1182.6500244140625,1183.0462646484375
3,1108,0.6713390350341797,0.636470377445221,1192.2899169921875,1179.6033935546875
3,1110,0.599769115447998,0.6343497037887573,1166.25,1178.831787109375
3,1111,0.6355265974998474,0.6872551441192627,1179.260009765625,1198.0809326171875
3,1112,0.6237082481384277,0.6321413516998291,1174.9599609375,1178.0283203125
3,1113,0.5721195936203003,0.6379843950271606,1156.18994140625,1180.154296875
3,1114,0.7015995979309082,0.708415150642395,1203.2999267578125,1205.77978515625
3,1116,0.6468502879142761,0.612152099609375,1183.3800048828125,1170.75537109375
3,1118,0.5875659584999084,0.5865752696990967,1161.81005859375,1161.449462890625
3,1134,0.5003848075866699,0.5460081100463867,1130.0899658203125,1146.6895751953125
3,1145,0.7003353238105774,0.5441287159919739,1202.840087890625,1146.005859375
3,1151,0.4701792001724243,0.5289213061332703,1119.0999755859375,1140.47265625
3,1169,0.6322559118270874,0.6097807884216309,1178.0699462890625,1169.892578125
3,1176,0.7672603130340576,0.6173375844955444,1227.18994140625,1172.64208984375
3,1177,0.5334762334823608,0.6664735674858093,1142.1300048828125,1190.519775390625
3,1178,0.7993074059486389,0.7900999188423157,1238.8499755859375,1235.5
3,1187,0.595536470413208,0.6261680126190186,1164.7099609375,1175.85498046875
3,1193,0.7103946805000305,0.6331920027732849,1206.5,1178.4105224609375
3,1198,0.6538588404655457,0.6586645841598511,1185.929931640625,1187.678466796875
3,1201,0.6790897250175476,0.6920533180236816,1195.1099853515625,1199.82666015625
3,1202,0.6878297924995422,0.7035679817199707,1198.2900390625,1204.01611328125
3,1214,0.7668755650520325,0.7223195433616638,1227.050048828125,1210.8387451171875
3,1220,0.5430958867073059,0.6102478504180908,1145.6300048828125,1170.0625
3,1226,0.6673538088798523,0.681729257106781,1190.8399658203125,1196.0703125
3,1236,0.5309751629829407,0.6125155687332153,1141.219970703125,1170.8876953125
3,1239,0.6156277656555176,0.6484530568122864,1172.02001953125,1183.963134765625
3,1242,0.5461191534996033,0.6237194538116455,1146.72998046875,1174.9639892578125
3,1252,0.5474109649658203,0.6353635191917419,1147.199951171875,1179.20068359375
3,1253,0.6754617691040039,0.6521399021148682,1193.7899169921875,1185.3045654296875
3,1255,0.5774516463279724,0.6124906539916992,1158.1300048828125,1170.8785400390625
3,1270,0.7786389589309692,0.7823770046234131,1231.3299560546875,1232.6900634765625
3,1272,0.7938104867935181,0.8262877464294434,1236.8499755859375,1248.66650390625
3,1283,0.6149955987930298,0.6389994621276855,1171.7900390625,1180.5235595703125
3,1286,0.9829595685005188,0.8756045699119568,1305.6700439453125,1266.6099853515625
3,1287,0.9019898772239685,0.8036397099494934,1276.2099609375,1240.42626953125
3,1289,0.7106695175170898,0.7954040169715881,1206.5999755859375,1237.4298095703125
3,1302,0.7576681971549988,0.8039592504501343,1223.699951171875,1240.54248046875
3,1303,0.9287323951721191,0.8912113308906555,1285.93994140625,1272.288330078125
3,1305,0.74672931432724,0.8783626556396484,1219.719970703125,1267.6134033203125
3,1313,0.8463335633277893,0.7591860294342041,1255.9600830078125,1224.252197265625
3,1320,0.8041996359825134,0.7419473528862,1240.6300048828125,1217.9801025390625
3,1326,0.6154903173446655,0.6329797506332397,1171.969970703125,1178.3333740234375
3,1330,0.7773746848106384,0.6658596992492676,1230.8699951171875,1190.29638671875
3,1335,0.8502638339996338,0.7824651002883911,1257.3900146484375,1232.72216796875
3,1338,0.6396768093109131,0.6436784267425537,1180.77001953125,1182.2259521484375
3,1340,0.6330255270004272,0.6311668753623962,1178.3499755859375,1177.6737060546875
3,1343,0.6183761954307556,0.6993052959442139,1173.02001953125,1202.4652099609375
3,1350,0.6177440881729126,0.7218316197395325,1172.7900390625,1210.6612548828125
3,1352,0.6383575201034546,0.6303514242172241,1180.2900390625,1177.3770751953125
3,1361,0.5685465931892395,0.6038525104522705,1154.8900146484375,1167.7357177734375
3,1370,0.6072724461555481,0.6499128341674805,1168.97998046875,1184.4942626953125
3,1374,0.7420844435691833,0.7868114113807678,1218.030029296875,1234.303466796875
3,1375,0.6543535590171814,0.6061169505119324,1186.1099853515625,1168.5595703125
3,1379,0.7243843674659729,0.6883243322372437,1211.590087890625,1198.469970703125
3,1380,0.71875,0.618019163608551,1209.5399169921875,1172.89013671875
3,1386,0.813324511051178,0.7684381008148193,1243.9500732421875,1227.6185302734375
3,1389,0.6834597587585449,0.6563560366630554,1196.699951171875,1186.838623046875
3,1401,0.6435796022415161,0.6551880836486816,1182.1900634765625,1186.41357421875
3,1407,0.7428539991378784,0.7468385696411133,1218.31005859375,1219.759765625
3,1416,0.4258190393447876,0.4641748070716858,1102.9599609375,1116.9154052734375
3,1422,0.536499559879303,0.6050013899803162,1143.22998046875,1168.1536865234375
3,1432,0.6560850739479065,0.6296548247337341,1186.739990234375,1177.12353515625
3,1435,0.6269239187240601,0.6861341595649719,1176.1300048828125,1197.673095703125
3,1441,0.4102902412414551,0.4545678496360779,1097.3099365234375,1113.419921875
3,1447,0.759152352809906,0.7133904695510864,1224.239990234375,1207.5899658203125
3,1449,0.6739775538444519,0.6541921496391296,1193.25,1186.05126953125
3,1455,0.4346141219139099,0.6089598536491394,1106.1600341796875,1169.593994140625
3,1468,0.9131761193275452,0.8054693341255188,1280.280029296875,1241.092041015625
3,1472,0.5890775918960571,0.7176045775413513,1162.3599853515625,1209.123291015625
3,1474,0.5674197673797607,0.6518059968948364,1154.47998046875,1185.18310546875
3,1477,0.5785235166549683,0.6369209885597229,1158.52001953125,1179.767333984375
3,1480,0.6620217561721802,0.6871494054794312,1188.9000244140625,1198.04248046875
3,1481,0.8207178711891174,0.795445442199707,1246.6400146484375,1237.44482421875
3,1486,0.6382750868797302,0.6730625629425049,1180.260009765625,1192.9169921875
3,1509,0.5736862421035767,0.6943280696868896,1156.760009765625,1200.654296875
3,1517,0.7265556454658508,0.7672514319419861,1212.3800048828125,1227.186767578125
3,1524,0.8461961150169373,0.7106789946556091,1255.9100341796875,1206.6033935546875
3,1531,0.7452176809310913,0.8177127242088318,1219.1700439453125,1245.546630859375
3,1547,0.6515501141548157,0.6787527799606323,1185.0899658203125,1194.9874267578125
3,1548,0.6662269234657288,0.6028584837913513,1190.4300537109375,1167.3740234375
3,1550,0.6499010324478149,0.5915377736091614,1184.489990234375,1163.255126953125
3,1552,0.5121207237243652,0.6307500600814819,1134.3599853515625,1177.5220947265625
3,1567,0.6072174310684204,0.6282769441604614,1168.9599609375,1176.622314453125
3,1571,0.7058047652244568,0.570935845375061,1204.8299560546875,1155.75927734375
3,1574,0.5729716420173645,0.5739976167678833,1156.5,1156.873291015625
3,1576,0.6484168767929077,0.5931740999221802,1183.949951171875,1163.8504638671875
3,1580,0.651962399482727,0.7867817282676697,1185.239990234375,1234.2926025390625
3,1588,0.754287600517273,0.6166708469390869,1222.469970703125,1172.3995361328125
3,1593,0.6962676048278809,0.7221765518188477,1201.3599853515625,1210.78662109375
3,1594,0.7618458867073059,0.7394983172416687,1225.2200927734375,1217.089111328125
3,1606,0.62923264503479,0.6952670216560364,1176.969970703125,1200.9959716796875
3,1608,0.8110158443450928,0.6828383207321167,1243.1099853515625,1196.473876953125
3,1610,0.6716688871383667,0.7111812233924866,1192.4100341796875,1206.7862548828125
3,1613,0.8234388828277588,0.7780249714851379,1247.6300048828125,1231.106689453125
3,1614,0.7722075581550598,0.7248433232307434,1228.989990234375,1211.757080078125
3,1615,0.7933982014656067,0.7374914288520813,1236.7000732421875,1216.35888671875
3,1634,0.8462235927581787,0.7820890545845032,1255.919921875,1232.5853271484375
3,1636,0.6129342317581177,0.6137292981147766,1171.0400390625,1171.329345703125
3,1639,0.6140885949134827,0.5744420886039734,1171.4599609375,1157.0350341796875
3,1647,0.5747581124305725,0.5808945894241333,1157.1500244140625,1159.3826904296875
3,1648,0.6119998097419739,0.5718881487846375,1170.7000732421875,1156.105712890625
3,1650,0.7249065637588501,0.5432236194610596,1211.780029296875,1145.6763916015625
3,1658,0.567887008190155,0.5540347695350647,1154.6500244140625,1149.6099853515625
3,1660,0.6383300423622131,0.5539215207099915,1180.280029296875,1149.56884765625
3,1668,0.742963969707489,0.7215588092803955,1218.3499755859375,1210.5618896484375
3,1674,0.5969656705856323,0.5279551148414612,1165.22998046875,1140.1212158203125
3,1676,0.6887917518615723,0.5682935118675232,1198.639892578125,1154.7978515625
3,1679,0.7246042490005493,0.6600524187088013,1211.6700439453125,1188.1834716796875
3,1694,0.5585421919822693,0.6006299257278442,1151.25,1166.563232421875
3,1695,0.5752528309822083,0.5712606310844421,1157.3299560546875,1155.87744140625
3,1696,0.6617743968963623,0.6130557656288147,1188.8099365234375,1171.084228515625
3,1697,0.6358564496040344,0.5693106651306152,1179.3800048828125,1155.16796875
3,1701,0.7235872745513916,0.6420127153396606,1211.2999267578125,1181.619873046875
3,1708,0.6942337155342102,0.6968529224395752,1200.6199951171875,1201.5728759765625
3,1721,0.7396107912063599,0.7214246392250061,1217.1300048828125,1210.51318359375
3,1728,0.6661169528961182,0.6594128608703613,1190.3900146484375,1187.95068359375
3,1734,0.8446844816207886,0.7998678088188171,1255.3599853515625,1239.0538330078125
3,1739,0.6313489675521851,0.4993690252304077,1177.739990234375,1129.720458984375
3,1742,0.421943724155426,0.4307112693786621,1101.550048828125,1104.739990234375
3,1758,0.8464984893798828,0.6808516979217529,1256.02001953125,1195.7510986328125
3,1762,0.699923038482666,0.6057850122451782,1202.68994140625,1168.4388427734375
3,1769,0.6604551672935486,0.5710950493812561,1188.3299560546875,1155.8172607421875
3,1771,0.5664302706718445,0.6238465309143066,1154.1199951171875,1175.01025390625
3,1772,0.6174967288970947,0.6043747663497925,1172.699951171875,1167.9256591796875
3,1774,0.5735213160514832,0.5866393446922302,1156.699951171875,1161.472900390625
3,1785,0.6416282057762146,0.6019741296768188,1181.47998046875,1167.05224609375
3,1789,0.7002803683280945,0.7576112747192383,1202.8199462890625,1223.67919921875
3,1795,0.6658421158790588,0.6679059863090515,1190.2900390625,1191.0408935546875
3,1798,0.5754452347755432,0.671889066696167,1157.4000244140625,1192.4901123046875
3,1799,0.6275286078453064,0.6570343971252441,1176.3499755859375,1187.0853271484375
3,1804,0.6020228862762451,0.6673232316970825,1167.0699462890625,1190.828857421875
3,1805,0.6424252390861511,0.5971131324768066,1181.77001953125,1165.2835693359375
3,1818,0.5495822429656982,0.5357639789581299,1147.989990234375,1142.9622802734375
3,1820,0.6572669148445129,0.6221479773521423,1187.1700439453125,1174.392333984375
3,1824,0.49444809556007385,0.53178870677948,1127.929931640625,1141.5159912109375
4,4,0.7748817205429077,0.7916978001594543,1228.0799560546875,1234.157470703125
4,9,0.7707036137580872,0.8251314163208008,1226.5699462890625,1246.24072265625
4,11,0.8462964296340942,0.8727825880050659,1253.8900146484375,1263.4622802734375
4,16,0.6037464141845703,0.6673880815505981,1166.22998046875,1189.230712890625
4,17,0.9465150237083435,0.8977373838424683,1290.1099853515625,1272.481201171875
4,19,0.8204808831214905,0.8423116207122803,1244.5599365234375,1252.4498291015625
4,22,0.7977919578552246,0.8362678289413452,1236.3599853515625,1250.2655029296875
4,28,0.8085830211639404,0.8148263692855835,1240.260009765625,1242.516357421875
4,35,0.7360892295837402,0.8180137872695923,1214.06005859375,1243.6683349609375
4,36,0.760576605796814,0.7539982795715332,1222.909912109375,1220.532470703125
4,38,0.7514457106590271,0.8136740922927856,1219.6099853515625,1242.0999755859375
4,46,0.9733820557594299,0.8532235622406006,1299.8199462890625,1256.3935546875
4,50,0.8747406005859375,0.8139981031417847,1264.1700439453125,1242.217041015625
4,57,0.8905121684074402,0.8487019538879395,1269.8699951171875,1254.7593994140625
4,61,0.7284247875213623,0.7816531658172607,1211.2900390625,1230.5272216796875
4,62,0.8531584739685059,0.8186100721359253,1256.3699951171875,1243.8837890625
4,75,0.8572258949279785,0.8332430124282837,1257.8399658203125,1249.17236328125
4,79,0.8706731796264648,0.7946332693099976,1262.699951171875,1235.2183837890625
4,89,0.8740211725234985,0.8588271141052246,1263.909912109375,1258.418701171875
4,90,0.8256551027297974,0.8270459175109863,1246.429931640625,1246.9326171875
4,93,0.7781744003295898,0.7231737375259399,1229.27001953125,1209.3922119140625
4,104,0.7251874804496765,0.824590802192688,1210.1199951171875,1246.0452880859375
4,108,0.6980437636375427,0.6945408582687378,1200.31005859375,1199.0439453125
4,114,0.6020585894584656,0.6481047868728638,1165.6199951171875,1182.261474609375
4,116,0.6894385814666748,0.639629602432251,1197.199951171875,1179.198486328125
4,119,0.648515522480011,0.6685235500335693,1182.4100341796875,1189.64111328125
4,127,0.702968955039978,0.6441104412078857,1202.0899658203125,1180.8179931640625
4,133,0.6242494583129883,0.7265162467956543,1173.6400146484375,1210.6002197265625
4,145,0.6478238105773926,0.7152628898620605,1182.1600341796875,1206.533203125
4,149,0.7070363163948059,0.7237843871116638,1203.5599365234375,1209.6129150390625
4,153,0.6666666865348816,0.6546164751052856,1188.9700927734375,1184.6148681640625
4,154,0.6688802242279053,0.6609705686569214,1189.77001953125,1186.911376953125
4,157,0.6945850849151611,0.7478044033050537,1199.06005859375,1218.2939453125
4,159,0.6978777647018433,0.7406038045883179,1200.25,1215.6915283203125
4,169,0.8176309466362,0.7948886156082153,1243.530029296875,1235.3106689453125
4,172,0.759110152721405,0.8105307817459106,1222.3800048828125,1240.9638671875
4,176,0.8104092478752136,0.7141132354736328,1240.9200439453125,1206.11767578125
4,180,0.6015605330467224,0.6280001997947693,1165.4400634765625,1174.99560546875
4,190,0.6523892283439636,0.7361708879470825,1183.81005859375,1214.0894775390625
4,191,0.7172186970710754,0.6686820983886719,1207.239990234375,1189.6983642578125
4,217,0.3771339952945709,0.3387983739376068,1084.330078125,1070.47509765625
4,223,0.655349850654602,0.5724771022796631,1184.8800048828125,1154.928955078125
4,234,0.4678066372871399,0.28337666392326355,1117.0999755859375,1050.4451904296875
4,245,0.5966077446937561,0.5046128630638123,1163.6500244140625,1130.4022216796875
4,255,0.3735923171043396,0.4060845971107483,1083.050048828125,1094.79296875
4,257,0.31105947494506836,0.30146336555480957,1060.4500732421875,1056.98193359375
4,263,0.30749011039733887,0.25426530838012695,1059.1600341796875,1039.924072265625
4,264,0.3609474003314972,0.37894493341445923,1078.47998046875,1084.9844970703125
4,268,0.33374837040901184,0.3698659837245941,1068.6500244140625,1081.7032470703125
4,278,0.3224315941333771,0.2963355481624603,1064.56005859375,1055.128662109375
4,284,0.47868072986602783,0.37943971157073975,1121.030029296875,1085.163330078125
4,301,0.47970449924468994,0.4116516411304474,1121.4000244140625,1096.8050537109375
4,304,0.3380647897720337,0.3781261444091797,1070.2099609375,1084.6885986328125
4,313,0.41091835498809814,0.4122787117958069,1096.5399169921875,1097.0316162109375
4,320,0.6129879951477051,0.6444237232208252,1169.5699462890625,1180.93115234375
4,335,0.4959740936756134,0.5707437992095947,1127.280029296875,1154.302490234375
4,338,0.5453639626502991,0.4894018769264221,1145.1300048828125,1124.9046630859375
4,340,0.4725381135940552,0.4503942131996155,1118.8099365234375,1110.8070068359375
4,347,0.6024459600448608,0.5191172361373901,1165.760009765625,1135.6441650390625
4,356,0.4314213693141937,0.49671316146850586,1103.949951171875,1127.547119140625
4,357,0.41008827090263367,0.42533984780311584,1096.239990234375,1101.7520751953125
4,369,0.4893887937068939,0.45386576652526855,1124.9000244140625,1112.0616455078125
4,372,0.2901967167854309,0.34210944175720215,1052.9100341796875,1071.6717529296875
4,373,0.40043163299560547,0.4600731134414673,1092.75,1114.304931640625
4,386,0.6439777612686157,0.6025778651237488,1180.77001953125,1165.8077392578125
4,389,0.6069007515907288,0.6027992367744446,1167.3699951171875,1165.8876953125
4,395,0.5655626654624939,0.5628665685653687,1152.4300537109375,1151.45556640625
4,396,0.6513378024101257,0.6373512744903564,1183.4300537109375,1178.3751220703125
4,399,0.5336045026779175,0.5886815786361694,1140.8800048828125,1160.785400390625
4,407,0.6034144163131714,0.5554261207580566,1166.1099853515625,1148.7666015625
4,412,0.6783154606819153,0.6417603492736816,1193.179931640625,1179.9686279296875
4,417,0.6591129302978516,0.6627997159957886,1186.239990234375,1187.5723876953125
4,431,0.5078166127204895,0.5076135993003845,1131.5599365234375,1131.4866943359375
4,443,0.6649511456489563,0.7026231288909912,1188.3499755859375,1201.965087890625
4,444,0.7659998536109924,0.6557919979095459,1224.8699951171875,1185.039794921875
4,449,0.7219224572181702,0.6462109088897705,1208.93994140625,1181.5771484375
4,454,0.7103566527366638,0.693556547164917,1204.760009765625,1198.688232421875
4,456,0.7908192873001099,0.7211380004882812,1233.8399658203125,1208.656494140625
4,460,0.6709554195404053,0.6294143199920654,1190.52001953125,1175.506591796875
4,470,0.7040203809738159,0.7612634897232056,1202.469970703125,1223.158203125
4,473,0.6218145489692688,0.6649188995361328,1172.760009765625,1188.33837890625
4,475,0.5781798958778381,0.6055065393447876,1156.989990234375,1166.8660888671875
4,476,0.6225339770317078,0.7114518880844116,1173.02001953125,1205.15576171875
4,487,0.6559032797813416,0.7014429569244385,1185.080078125,1201.5384521484375
4,489,0.785423755645752,0.7521790266036987,1231.8900146484375,1219.875
4,491,0.697490394115448,0.7322924137115479,1200.1099853515625,1212.6878662109375
4,496,0.707451343536377,0.678399920463562,1203.7099609375,1193.21044921875
4,498,0.5812512040138245,0.49701517820358276,1158.0999755859375,1127.65625
4,499,0.48117098212242126,0.5417343378067017,1121.929931640625,1143.818115234375
4,501,0.5036938786506653,0.6196341514587402,1130.0699462890625,1171.9720458984375
4,504,0.6461636424064636,0.565315842628479,1181.56005859375,1152.3408203125
4,511,0.5802828073501587,0.6212403774261475,1157.75,1172.552490234375
4,512,0.4953930377960205,0.5700044631958008,1127.070068359375,1154.0352783203125
4,515,0.6067347526550293,0.530900776386261,1167.31005859375,1139.90283203125
4,517,0.5375058650970459,0.5120517611503601,1142.2900390625,1133.0906982421875
4,521,0.41058632731437683,0.4788612127304077,1096.4200439453125,1121.09521484375
4,537,0.5946155190467834,0.6145220994949341,1162.929931640625,1170.1243896484375
4,539,0.3044464588165283,0.40836435556411743,1058.06005859375,1095.616943359375
4,546,0.6348468661308289,0.6628352403640747,1177.4700927734375,1187.585205078125
4,559,0.7247447371482849,0.6897175312042236,1209.9600830078125,1197.30078125
4,568,0.82631915807724,0.7418336868286133,1246.6700439453125,1216.1361083984375
4,569,0.8482332825660706,0.814443826675415,1254.5899658203125,1242.378173828125
4,574,0.6881934404373169,0.6643968820571899,1196.75,1188.149658203125
4,580,0.8232201933860779,0.7774046063423157,1245.550048828125,1228.9918212890625
4,587,0.7574499845504761,0.7477419376373291,1221.7799072265625,1218.271484375
4,595,0.6528319716453552,0.5617823600769043,1183.9700927734375,1151.063720703125
4,604,0.4476633071899414,0.5722296237945557,1109.8199462890625,1154.8394775390625
4,606,0.5004288554191589,0.5804732441902161,1128.8900146484375,1157.81884765625
4,616,0.5898563861846924,0.6224451065063477,1161.2099609375,1172.9879150390625
4,625,0.6257989406585693,0.6316666603088379,1174.199951171875,1176.3206787109375
4,633,0.7570902705192566,0.690190315246582,1221.6500244140625,1197.4716796875
4,635,0.7408483624458313,0.7753655910491943,1215.780029296875,1228.2548828125
4,652,0.5544395446777344,0.6329820156097412,1148.4100341796875,1176.7960205078125
4,653,0.6552668809890747,0.6651420593261719,1184.8499755859375,1188.4189453125
4,655,0.7017238140106201,0.7151447534561157,1201.6400146484375,1206.490478515625
4,656,0.679588258266449,0.6703102588653564,1193.6400146484375,1190.286865234375
4,657,0.6944190859794617,0.7575090527534485,1199.0,1221.8013916015625
4,658,0.643645703792572,0.6460117101669312,1180.6500244140625,1181.5050048828125
4,662,0.5984339118003845,0.6599656343460083,1164.31005859375,1186.548095703125
4,667,0.7044077515602112,0.674045205116272,1202.6099853515625,1191.6365966796875
4,671,0.6381394863128662,0.6255180835723877,1178.6600341796875,1174.0985107421875
4,675,0.5574001669883728,0.6445251703262329,1149.47998046875,1180.9677734375
4,684,0.6978777647018433,0.7477788329124451,1200.25,1218.2847900390625
4,685,0.6558479070663452,0.720404863357544,1185.0599365234375,1208.3914794921875
4,688,0.6701806783676147,0.7467968463897705,1190.239990234375,1217.9298095703125
4,689,0.7078940868377686,0.7538702487945557,1203.8699951171875,1220.4862060546875
4,690,0.7185744643211365,0.7118223905563354,1207.72998046875,1205.2896728515625
4,696,0.48911207914352417,0.4547708034515381,1124.800048828125,1112.388671875
4,697,0.3678647577762604,0.40896207094192505,1080.9801025390625,1095.8330078125
4,703,0.6766830086708069,0.6411691904067993,1192.5899658203125,1179.7548828125
4,708,0.47577542066574097,0.4351509213447571,1119.97998046875,1105.2978515625
4,713,0.701834499835968,0.7017797231674194,1201.6800537109375,1201.66015625
4,717,0.579757034778595,0.554466962814331,1157.5599365234375,1148.419921875
4,726,0.6980161070823669,0.5810292959213257,1200.300048828125,1158.019775390625
4,728,0.4238676428794861,0.5142335295677185,1101.2200927734375,1133.879150390625
4,731,0.5901330709457397,0.6101884841918945,1161.3099365234375,1168.5582275390625
4,732,0.5877811908721924,0.6319692134857178,1160.4599609375,1176.4300537109375
4,734,0.6199607253074646,0.59393310546875,1172.090087890625,1162.683349609375
4,735,0.34974128007888794,0.44069966673851013,1074.429931640625,1107.30322265625
4,738,0.529509425163269,0.5098391771316528,1139.4000244140625,1132.2908935546875
4,739,0.49254310131073,0.49524229764938354,1126.0399169921875,1127.0155029296875
4,740,0.4998754858970642,0.5320917963981628,1128.6900634765625,1140.3333740234375
4,750,0.6122409701347351,0.6227755546569824,1169.300048828125,1173.1072998046875
4,753,0.5832157135009766,0.5385556221008301,1158.81005859375,1142.66943359375
4,758,0.8972634673118591,0.745071291923523,1272.31005859375,1217.30615234375
4,760,0.6209014654159546,0.6636642217636108,1172.429931640625,1187.8848876953125
4,761,0.7217288017272949,0.6817928552627563,1208.8699951171875,1194.436767578125
4,768,0.7422595024108887,0.6560026407241821,1216.2900390625,1185.1158447265625
4,773,0.40021029114723206,0.5109249949455261,1092.6700439453125,1132.6834716796875
4,783,0.7027199268341064,0.647166907787323,1202.0,1181.922607421875
4,784,0.6750781536102295,0.7006785869598389,1192.010009765625,1201.26220703125
4,789,0.6243601441383362,0.5798689126968384,1173.679931640625,1157.600341796875
4,790,0.5859826803207397,0.5935668349266052,1159.8099365234375,1162.551025390625
4,801,0.5606928467750549,0.5837970972061157,1150.6700439453125,1159.02001953125
4,814,0.7213690876960754,0.7669273614883423,1208.739990234375,1225.2052001953125
4,822,0.5228687524795532,0.5346615314483643,1137.0,1141.2620849609375
4,823,0.5071249008178711,0.5469340085983276,1131.31005859375,1145.6973876953125
4,825,0.4569879174232483,0.47017550468444824,1113.18994140625,1117.9561767578125
4,826,0.5114689469337463,0.5548808574676514,1132.8800048828125,1148.5694580078125
4,827,0.7495642304420471,0.6960834860801697,1218.9300537109375,1199.6015625
4,828,0.6642317771911621,0.4832262694835663,1188.0899658203125,1122.6728515625
4,830,0.43759164214134216,0.4922013580799103,1106.179931640625,1125.91650390625
4,833,0.38892117142677307,0.45974135398864746,1088.590087890625,1114.1851806640625
4,837,0.4872305691242218,0.543607771396637,1124.1199951171875,1144.4952392578125
4,848,0.5824686884880066,0.5795056819915771,1158.5400390625,1157.4691162109375
4,850,0.5701557993888855,0.5026105642318726,1154.090087890625,1129.678466796875
4,851,0.5751639604568481,0.5456216335296631,1155.9000244140625,1145.22314453125
4,852,0.4508729577064514,0.4916892349720001,1110.97998046875,1125.7314453125
4,853,0.4561578333377838,0.4866895079612732,1112.8900146484375,1123.9244384765625
4,866,0.6257712841033936,0.5494405031204224,1174.1900634765625,1146.603271484375
4,868,0.5553803443908691,0.6767008304595947,1148.75,1192.596435546875
4,872,0.7568966150283813,0.6934909820556641,1221.5799560546875,1198.66455078125
4,875,0.629340648651123,0.7073308825492859,1175.47998046875,1203.66650390625
4,876,0.6898536086082458,0.6411559581756592,1197.3499755859375,1179.750244140625
4,882,0.6808887124061584,0.770820140838623,1194.1099853515625,1226.612060546875
4,884,0.7402119636535645,0.717106819152832,1215.550048828125,1207.1995849609375
4,885,0.7586397528648376,0.7420980930328369,1222.2100830078125,1216.231689453125
4,890,0.8405689001083374,0.8471441268920898,1251.8199462890625,1254.1964111328125
4,894,0.6880550980567932,0.7940189242362976,1196.699951171875,1234.9964599609375
4,895,0.6959685683250427,0.7151774764060974,1199.56005859375,1206.5023193359375
4,902,0.9772834181785583,0.837976336479187,1301.22998046875,1250.8829345703125
4,908,0.6363409757614136,0.7229374647140503,1178.010009765625,1209.3067626953125
4,911,0.8407072424888611,0.753031313419342,1251.8699951171875,1220.1829833984375
4,912,0.7618771195411682,0.7637773752212524,1223.3800048828125,1224.0667724609375
4,919,0.49395424127578735,0.6096756458282471,1126.550048828125,1168.3729248046875
4,920,0.7322154641151428,0.707638144493103,1212.6600341796875,1203.7774658203125
4,924,0.7493152022361755,0.7030346393585205,1218.840087890625,1202.11376953125
4,927,0.564926266670227,0.5838735103607178,1152.199951171875,1159.0477294921875
4,933,0.6523339152336121,0.5752862691879272,1183.7900390625,1155.9442138671875
4,934,0.6638444066047668,0.6750782132148743,1187.949951171875,1192.010009765625
4,935,0.5209872722625732,0.5889840126037598,1136.320068359375,1160.894775390625
4,945,0.6667773723602295,0.6711804866790771,1189.010009765625,1190.601318359375
4,947,0.635151207447052,0.6363142728805542,1177.5799560546875,1178.0003662109375
4,953,0.6934506297111511,0.6315145492553711,1198.6500244140625,1176.265625
4,958,0.7183808088302612,0.6353368759155273,1207.6600341796875,1177.6470947265625
4,961,0.8000885248184204,0.6816545724868774,1237.18994140625,1194.38671875
4,967,0.6109681725502014,0.6289743185043335,1168.8399658203125,1175.3475341796875
4,969,0.7013640999794006,0.6427340507507324,1201.510009765625,1180.320556640625
4,970,0.6077585220336914,0.6081534624099731,1167.6800537109375,1167.82275390625
4,971,0.6632080078125,0.6108073592185974,1187.719970703125,1168.7818603515625
4,977,0.6469383835792542,0.6785635948181152,1181.8399658203125,1193.2696533203125
4,980,0.5926786661148071,0.6413733959197998,1162.22998046875,1179.8287353515625
4,991,0.7589718103408813,0.8014788627624512,1222.3299560546875,1237.6925048828125
4,992,0.583160400390625,0.6013609170913696,1158.7900390625,1165.3677978515625
4,996,0.7430342435836792,0.6737127900123596,1216.5699462890625,1191.5164794921875
4,1002,0.5723693370819092,0.5900639295578003,1154.8900146484375,1161.284912109375
4,1003,0.7524694800376892,0.6099001169204712,1219.97998046875,1168.4539794921875
4,1008,0.8301652073860168,0.8634357452392578,1248.0599365234375,1260.0843505859375
4,1011,0.7371959686279297,0.7334283590316772,1214.4599609375,1213.0982666015625
4,1015,0.45131567120552063,0.5323793888092041,1111.1400146484375,1140.437255859375
4,1024,0.4052461087703705,0.5251715183258057,1094.489990234375,1137.832275390625
4,1031,0.44265514612197876,0.5413316488265991,1108.010009765625,1143.672607421875
4,1032,0.6179408431053162,0.5860452651977539,1171.3599853515625,1159.8326416015625
4,1035,0.6651448607444763,0.6289609670639038,1188.4200439453125,1175.3427734375
4,1039,0.6452782154083252,0.6288816928863525,1181.239990234375,1175.3140869140625
4,1042,0.671093761920929,0.5698496103286743,1190.5699462890625,1153.9793701171875
4,1048,0.68340665102005,0.6798139214515686,1195.02001953125,1193.7215576171875
4,1062,0.5274618864059448,0.6145329475402832,1138.659912109375,1170.12841796875
4,1065,0.5500954389572144,0.6702656149864197,1146.8399658203125,1190.270751953125
4,1066,0.6417918801307678,0.5706572532653809,1179.97998046875,1154.271240234375
4,1069,0.761489748954773,0.6108617782592773,1223.239990234375,1168.801513671875
4,1070,0.7803325653076172,0.6901669502258301,1230.050048828125,1197.4632568359375
4,1072,0.6616861820220947,0.6182587146759033,1187.1700439453125,1171.474853515625
4,1077,0.5870064496994019,0.6678922176361084,1160.179931640625,1189.4129638671875
4,1081,0.705265462398529,0.7207813262939453,1202.9200439453125,1208.527587890625
4,1088,0.5617996454238892,0.5640342235565186,1151.0699462890625,1151.8775634765625
4,1092,0.6254392266273499,0.6817456483840942,1174.0699462890625,1194.419677734375
4,1093,0.6953321695327759,0.7330020666122437,1199.3299560546875,1212.9442138671875
4,1097,0.6516975164413452,0.5550416707992554,1183.5599365234375,1148.6275634765625
4,1098,0.7930881977081299,0.6547987461090088,1234.6600341796875,1184.6807861328125
4,1099,0.6881934404373169,0.7364799976348877,1196.75,1214.2012939453125
4,1115,0.68340665102005,0.5934791564941406,1195.02001953125,1162.519287109375
4,1119,0.7090561985969543,0.6971805095672607,1204.2900390625,1199.998046875
4,1127,0.6437287330627441,0.7057695388793945,1180.6800537109375,1203.1021728515625
4,1131,0.635344922542572,0.5677810907363892,1177.6500244140625,1153.231689453125
4,1139,0.46819400787353516,0.5723422765731812,1117.239990234375,1154.8802490234375
4,1140,0.5276832580566406,0.5891495943069458,1138.739990234375,1160.9544677734375
4,1141,0.7028582692146301,0.6148319244384766,1202.050048828125,1170.2364501953125
4,1148,0.590520441532135,0.5899758338928223,1161.449951171875,1161.253173828125
4,1149,0.6089759469032288,0.5983108282089233,1168.1199951171875,1164.2655029296875
4,1150,0.6004814505577087,0.6426780223846436,1165.050048828125,1180.30029296875
4,1155,0.5590050220489502,0.5461345911026001,1150.06005859375,1145.408447265625
4,1156,0.7432555556297302,0.6327685117721558,1216.6500244140625,1176.7188720703125
4,1161,0.7076727151870728,0.6411241292953491,1203.7899169921875,1179.7386474609375
4,1166,0.772059440612793,0.7318826913833618,1227.06005859375,1212.5396728515625
4,1167,0.7213967442512512,0.7205915451049805,1208.75,1208.458984375
4,1174,0.5845715403556824,0.687920868396759,1159.300048828125,1196.6514892578125
4,1175,0.6746354699134827,0.7524229288101196,1191.8499755859375,1219.963134765625
4,1188,0.6901302933692932,0.7389774918556213,1197.449951171875,1215.1038818359375
4,1191,0.7760161757469177,0.7387878894805908,1228.489990234375,1215.035400390625
4,1192,0.6316925287246704,0.6621835231781006,1176.3299560546875,1187.3497314453125
4,1195,0.7730832099914551,0.7242995500564575,1227.4300537109375,1209.799072265625
4,1199,0.7316620945930481,0.7021725177764893,1212.4599609375,1201.8021240234375
4,1203,0.6707894206047058,0.6919878721237183,1190.4600830078125,1198.121337890625
4,1206,0.7501452565193176,0.7876180410385132,1219.1400146484375,1232.6829833984375
4,1208,0.7564815878868103,0.7771584987640381,1221.4300537109375,1228.90283203125
4,1209,0.864945650100708,0.9018961191177368,1260.6300048828125,1273.9842529296875
4,1212,0.7717550992965698,0.8097025156021118,1226.949951171875,1240.66455078125
4,1213,0.8253230452537537,0.8815995454788208,1246.31005859375,1266.6488037109375
4,1219,0.6711767911911011,0.7762101888656616,1190.5999755859375,1228.56005859375
4,1227,0.6935889720916748,0.7215539216995239,1198.699951171875,1208.8067626953125
4,1232,0.741927444934845,0.727310299873352,1216.1700439453125,1210.88720703125
4,1233,0.7315237522125244,0.6406530141830444,1212.4100341796875,1179.568359375
4,1234,0.7505326271057129,0.6813379526138306,1219.280029296875,1194.2723388671875
4,1243,0.6608560681343079,0.5517925024032593,1186.8699951171875,1147.4532470703125
4,1246,0.6222849488258362,0.5802105665206909,1172.929931640625,1157.723876953125
4,1251,0.5828837156295776,0.6497596502304077,1158.68994140625,1182.859619140625
4,1259,0.7539913058280945,0.8221454620361328,1220.530029296875,1245.16162109375
4,1260,0.579231321811676,0.5973756313323975,1157.3699951171875,1163.927490234375
4,1271,0.9330123662948608,0.787700891494751,1285.22998046875,1232.7130126953125
4,1276,0.8734678030014038,0.8052685260772705,1263.7099609375,1239.0621337890625
4,1277,0.7239146828651428,0.6471142768859863,1209.6600341796875,1181.903564453125
4,1279,0.8130101561546326,0.8178452253341675,1241.8599853515625,1243.607421875
4,1295,0.8307462334632874,0.8191473484039307,1248.27001953125,1244.0780029296875
4,1296,1.0067236423492432,0.8981664180755615,1311.8699951171875,1272.6363525390625
4,1308,0.8124567866325378,0.7658275365829468,1241.6600341796875,1224.8077392578125
4,1311,0.8495337963104248,0.7907130718231201,1255.06005859375,1233.8016357421875
4,1319,0.7121828198432922,0.6673876047134399,1205.419921875,1189.23046875
4,1322,0.7119337916374207,0.6614120006561279,1205.330078125,1187.0709228515625
4,1342,0.5600011348724365,0.5780493021011353,1150.4200439453125,1156.9427490234375
4,1344,0.6432859897613525,0.6685583591461182,1180.52001953125,1189.6536865234375
4,1345,0.7277607321739197,0.77402263879776,1211.050048828125,1227.76953125
4,1346,0.5471071600914001,0.6079763174057007,1145.760009765625,1167.7586669921875
4,1351,0.46360090374946594,0.562114953994751,1115.5799560546875,1151.1839599609375
4,1359,0.6322736144065857,0.6473097801208496,1176.5400390625,1181.9742431640625
4,1362,0.6562906503677368,0.6982113122940063,1185.219970703125,1200.3704833984375
4,1365,0.7088901996612549,0.7120641469955444,1204.22998046875,1205.3770751953125
4,1366,0.606873095035553,0.7036800384521484,1167.3599853515625,1202.3470458984375
4,1368,0.6652001738548279,0.6356077194213867,1188.4400634765625,1177.7449951171875
4,1377,0.5676378607749939,0.6803470849990845,1153.1800537109375,1193.9141845703125
4,1387,0.6553221940994263,0.6284303069114685,1184.8699951171875,1175.1510009765625
4,1391,0.48797765374183655,0.6188406944274902,1124.3900146484375,1171.6851806640625
4,1403,0.5390276908874512,0.6474264860153198,1142.8399658203125,1182.016357421875
4,1412,0.611438512802124,0.6638681292533875,1169.010009765625,1187.9586181640625
4,1421,0.7218394875526428,0.6755281686782837,1208.9100341796875,1192.172607421875
4,1431,0.679781973361969,0.6404740214347839,1193.7099609375,1179.5037841796875
4,1440,0.526106059551239,0.5567180514335632,1138.1700439453125,1149.2335205078125
4,1444,0.5984892249107361,0.6691218614578247,1164.330078125,1189.8572998046875
4,1450,0.5580642223358154,0.5756493806838989,1149.719970703125,1156.075439453125
4,1454,0.5671951770782471,0.5967330932617188,1153.02001953125,1163.6953125
4,1463,0.524556577205658,0.559353232383728,1137.6099853515625,1150.185791015625
4,1467,0.628925621509552,0.5929397344589233,1175.3299560546875,1162.3243408203125
4,1492,0.5872554779052734,0.636359691619873,1160.27001953125,1178.0167236328125
4,1502,0.7239146828651428,0.6946115493774414,1209.6600341796875,1199.069580078125
4,1503,0.7935032248497009,0.7150353193283081,1234.81005859375,1206.450927734375
4,1521,0.5806148052215576,0.6080895662307739,1157.8699951171875,1167.799560546875
4,1525,0.8633407950401306,0.8268067836761475,1260.050048828125,1246.84619140625
4,1535,0.8800531029701233,0.8362568616867065,1266.0899658203125,1250.2615966796875
4,1537,0.8333194851875305,0.8565151691436768,1249.199951171875,1257.5831298828125
4,1538,0.8845078945159912,0.8015909194946289,1267.699951171875,1237.7330322265625
4,1544,0.7200132608413696,0.7150541543960571,1208.25,1206.4576416015625
4,1545,0.6219805479049683,0.689383864402771,1172.8199462890625,1197.18017578125
4,1554,0.5295370817184448,0.6564056873321533,1139.409912109375,1185.2615966796875
4,1556,0.8387426733970642,0.7322008609771729,1251.1600341796875,1212.6546630859375
4,1564,0.6225892901420593,0.6697676777839661,1173.0400390625,1190.0906982421875
4,1568,0.6587532162666321,0.7031831741333008,1186.1099853515625,1202.16748046875
4,1569,0.7251874804496765,0.7066939473152161,1210.1199951171875,1203.436279296875
4,1575,0.6484878659248352,0.6333815455436707,1182.4000244140625,1176.9404296875
4,1578,0.6264353394508362,0.7175440788269043,1174.429931640625,1207.357666015625
4,1581,0.5567084550857544,0.6550977230072021,1149.22998046875,1184.788818359375
4,1583,0.5440635085105896,0.609086275100708,1144.6600341796875,1168.159912109375
4,1591,0.8041836023330688,0.7453783750534058,1238.669921875,1217.4171142578125
4,1596,0.5829113721847534,0.7328770160675049,1158.699951171875,1212.8990478515625
4,1600,0.5989596247673035,0.7145352363586426,1164.5,1206.2701416015625
4,1601,0.7259068489074707,0.762383222579956,1210.3800048828125,1223.56298828125
4,1604,0.7112144231796265,0.8106691837310791,1205.0699462890625,1241.013916015625
4,1605,0.8228881359100342,0.8061528205871582,1245.4300537109375,1239.3817138671875
4,1616,0.6171384453773499,0.7733514308929443,1171.0699462890625,1227.5269775390625
4,1624,0.8389363884925842,0.8075459003448486,1251.22998046875,1239.8851318359375
4,1628,0.8409562706947327,0.7238770723342896,1251.9599609375,1209.6463623046875
4,1630,0.6649788618087769,0.7012578248977661,1188.3599853515625,1201.4715576171875
4,1635,0.6794499158859253,0.7054107189178467,1193.5899658203125,1202.9725341796875
4,1640,0.5269638299942017,0.6097716093063354,1138.47998046875,1168.407470703125
4,1643,0.7665808796882629,0.6599451303482056,1225.0799560546875,1186.540771484375
4,1649,0.5896627306938171,0.577893853187561,1161.1400146484375,1156.8865966796875
4,1651,0.5671951770782471,0.5582391023635864,1153.02001953125,1149.783203125
4,1652,0.6605517268180847,0.5595840215682983,1186.760009765625,1150.269287109375
4,1664,0.5835201144218445,0.6238861083984375,1158.9200439453125,1173.5086669921875
4,1670,0.6001217365264893,0.6024510860443115,1164.9200439453125,1165.7618408203125
4,1673,0.6068454384803772,0.597326397895813,1167.3499755859375,1163.90966796875
4,1690,0.655128538608551,0.7021406888961792,1184.800048828125,1201.7906494140625
4,1700,0.602944016456604,0.6434588432312012,1165.93994140625,1180.58251953125
4,1712,0.8448023200035095,0.7165929079055786,1253.35009765625,1207.0137939453125
4,1715,0.6545751094818115,0.6740320920944214,1184.5999755859375,1191.6319580078125
4,1716,0.6375584602355957,0.6109288930892944,1178.4500732421875,1168.8258056640625
4,1723,0.7963255047798157,0.7516343593597412,1235.8299560546875,1219.67822265625
4,1725,0.6753271818161011,0.6829919815063477,1192.0999755859375,1194.8701171875
4,1737,0.5517832636833191,0.5860533118247986,1147.4500732421875,1159.8355712890625
4,1738,0.4722890853881836,0.4925830662250519,1118.719970703125,1126.054443359375
4,1740,0.43070197105407715,0.48198238015174866,1103.6900634765625,1122.2232666015625
4,1746,0.49008050560951233,0.5267342329025269,1125.1500244140625,1138.39697265625
4,1747,0.5248333215713501,0.6273751258850098,1137.7099609375,1174.7696533203125
4,1765,0.5677762031555176,0.5419014692306519,1153.22998046875,1143.8785400390625
4,1776,0.7701779007911682,0.7445369958877563,1226.3800048828125,1217.113037109375
4,1781,0.5324977040290833,0.5198049545288086,1140.47998046875,1135.8927001953125
4,1784,0.5322210192680359,0.6147360801696777,1140.3800048828125,1170.2017822265625
4,1787,0.6017265915870667,0.7552860975265503,1165.5,1220.9979248046875
4,1790,0.6346531510353088,0.6561716794967651,1177.4000244140625,1185.177001953125
4,1794,0.5734207630157471,0.5823814868927002,1155.27001953125,1158.508544921875
4,1797,0.6361749768257141,0.6013695001602173,1177.949951171875,1165.3709716796875
4,1809,0.6446141600608826,0.5575119256973267,1181.0,1149.5203857421875
4,1810,0.5694916844367981,0.5900513529777527,1153.8499755859375,1161.280517578125
4,1817,0.7484021186828613,0.6127651929855347,1218.510009765625,1169.4893798828125
4,1823,0.5811681747436523,0.5006152987480164,1158.0699462890625,1128.9573974609375
4,1825,0.47740793228149414,0.5249390602111816,1120.570068359375,1137.748291015625
5,1,0.8195085525512695,0.7827946543693542,1246.199951171875,1232.842041015625
5,8,0.7880111932754517,0.8126968145370483,1234.739990234375,1243.7215576171875
5,13,0.6701846718788147,0.7502518892288208,1191.8699951171875,1221.001708984375
5,14,0.7610487937927246,0.7950823903083801,1224.929931640625,1237.312744140625
5,20,0.7485433220863342,0.8215272426605225,1220.3800048828125,1246.9344482421875
5,21,0.8175022006034851,0.8132895231246948,1245.469970703125,1243.937255859375
5,26,0.7039358019828796,0.8202273845672607,1204.1500244140625,1246.4615478515625
5,34,0.8781881928443909,0.834041953086853,1267.550048828125,1251.48779296875
5,37,0.8308322429656982,0.79043048620224,1250.3199462890625,1235.6202392578125
5,40,0.8219547271728516,0.8089260458946228,1247.0899658203125,1242.349609375
5,53,0.8434751629829407,0.7809844017028809,1254.9200439453125,1232.183349609375
5,64,0.7967513203620911,0.8102542161941528,1237.9200439453125,1242.8328857421875
5,87,0.7348009943962097,0.7541752457618713,1215.3800048828125,1222.42919921875
5,91,0.9124065637588501,0.8203827738761902,1280.0,1246.51806640625
5,95,0.7662708759307861,0.7206761837005615,1226.8299560546875,1210.2408447265625
5,98,0.6087291240692139,0.6890347003936768,1169.510009765625,1198.7283935546875
5,103,0.9445910453796387,0.8098869323730469,1291.7099609375,1242.69921875
5,112,0.6720536351203918,0.7626706957817078,1192.550048828125,1225.5201416015625
5,121,0.6436895132064819,0.6806895732879639,1182.22998046875,1195.6920166015625
5,122,0.6375604867935181,0.6174622774124146,1180.0,1172.6875
5,130,0.6456409692764282,0.6697400212287903,1182.9400634765625,1191.708251953125
5,134,0.7053924798965454,0.6456883549690247,1204.6800537109375,1182.957275390625
5,143,0.6194481253623962,0.6742024421691895,1173.4100341796875,1193.331787109375
5,146,0.7772097587585449,0.7070053815841675,1230.8099365234375,1205.266845703125
5,150,0.6420129537582397,0.6805609464645386,1181.6199951171875,1195.645263671875
5,151,0.6668590307235718,0.6469165086746216,1190.6600341796875,1183.404052734375
5,152,0.668480634689331,0.6797875761985779,1191.25,1195.3638916015625
5,160,0.6811510324478149,0.7450288534164429,1195.8599853515625,1219.101318359375
5,161,0.7636048793792725,0.7061402201652527,1225.8599853515625,1204.9520263671875
5,166,0.6680684089660645,0.7605209350585938,1191.0999755859375,1224.7379150390625
5,186,0.6560301184654236,0.5387366414070129,1186.719970703125,1144.0439453125
5,187,0.6605925559997559,0.6099627017974854,1188.3800048828125,1169.958740234375
5,189,0.6060906052589417,0.6663756370544434,1168.550048828125,1190.484130859375
5,197,0.7085257172584534,0.6655519604682922,1205.820068359375,1190.1844482421875
5,200,0.5212455987930298,0.5720005035400391,1137.6800537109375,1156.1466064453125
5,201,0.6832398772239685,0.6235198974609375,1196.6199951171875,1174.8914794921875
5,202,0.4531387388706207,0.4785262942314148,1112.9000244140625,1122.136962890625
5,205,0.6085916757583618,0.5256938338279724,1169.4599609375,1139.2984619140625
5,206,0.4633904993534088,0.5073387026786804,1116.6300048828125,1132.6201171875
5,207,0.09597625583410263,0.23779994249343872,982.9500122070312,1034.5511474609375
5,216,0.41762861609458923,0.41404712200164795,1099.97998046875,1098.6768798828125
5,219,0.3999285399913788,0.44210898876190186,1093.5399169921875,1108.886962890625
5,225,0.009344766847789288,0.045454323291778564,951.4299926757812,964.568115234375
5,229,0.6003188490867615,0.6629656553268433,1166.449951171875,1189.243408203125
5,230,0.41820579767227173,0.43406805396080017,1100.1900634765625,1105.9613037109375
5,241,0.5571680068969727,0.49091649055480957,1150.75,1126.64501953125
5,246,0.5357849597930908,0.5149692893028259,1142.969970703125,1135.3963623046875
5,252,0.6328606009483337,0.537760853767395,1178.2900390625,1143.68896484375
5,253,0.5979001522064209,0.5979050397872925,1165.5699462890625,1165.57177734375
5,262,0.34647098183631897,0.3258289694786072,1074.0899658203125,1066.57958984375
5,269,0.3665896952152252,0.3537188470363617,1081.4100341796875,1076.72705078125
5,276,0.44698217511177063,0.44932928681373596,1110.6600341796875,1111.513916015625
5,279,0.26269787549972534,0.26278576254844666,1043.6099853515625,1043.6419677734375
5,283,0.38654354214668274,0.44039610028266907,1088.6700439453125,1108.2637939453125
5,288,0.37612685561180115,0.4194522798061371,1084.8800048828125,1100.6435546875
5,293,0.5226198434829712,0.4997880160808563,1138.1800537109375,1129.872802734375
5,295,0.4025121033191681,0.40189987421035767,1094.47998046875,1094.25732421875
5,315,0.5670899152755737,0.5443996787071228,1154.3599853515625,1146.1043701171875
5,317,0.500192403793335,0.5151369571685791,1130.02001953125,1135.4573974609375
5,330,0.48881375789642334,0.48179465532302856,1125.8800048828125,1123.326171875
5,337,0.39586082100868225,0.4402046203613281,1092.0599365234375,1108.1939697265625
5,343,0.41468778252601624,0.4728095531463623,1098.9100341796875,1120.0570068359375
5,345,0.39885663986206055,0.47490012645721436,1093.14990234375,1120.817626953125
5,378,0.48892369866371155,0.557774543762207,1125.9200439453125,1150.970703125
5,379,0.5562335252761841,0.49584171175956726,1150.4100341796875,1128.43701171875
5,384,0.7018469572067261,0.6279246211051941,1203.3900146484375,1176.4940185546875
5,385,0.6049637198448181,0.5324493646621704,1168.1400146484375,1141.75634765625
5,387,0.5405123233795166,0.49305206537246704,1144.68994140625,1127.422119140625
5,391,0.5580474734306335,0.5603078603744507,1151.0699462890625,1151.8924560546875
5,392,0.4768579602241516,0.5192476511001587,1121.530029296875,1136.953125
5,397,0.6126593947410583,0.48308271169662476,1170.93994140625,1123.7947998046875
5,400,0.7181453108787537,0.6356350183486938,1209.3199462890625,1179.2994384765625
5,401,0.5824263691902161,0.49691256880760193,1159.9400634765625,1128.82666015625
5,402,0.5509289503097534,0.5420268774032593,1148.47998046875,1145.2410888671875
5,403,0.6878023147583008,0.5776675343513489,1198.2799072265625,1158.2086181640625
5,406,0.5430684089660645,0.5966140031814575,1145.6199951171875,1165.10205078125
5,418,0.6632310748100281,0.5940701961517334,1189.3399658203125,1164.176513671875
5,437,0.6146658062934875,0.5317800641059875,1171.6700439453125,1141.512939453125
5,441,0.6813159584999084,0.7249330878257751,1195.9200439453125,1211.7896728515625
5,452,0.7109443545341492,0.6886328458786011,1206.699951171875,1198.5821533203125
5,455,0.8217898011207581,0.7536683082580566,1247.030029296875,1222.24462890625
5,459,0.5920734405517578,0.63942551612854,1163.449951171875,1180.6785888671875
5,463,0.6732629537582397,0.6823587417602539,1192.989990234375,1196.29931640625
5,466,0.5949318408966064,0.6567597389221191,1164.489990234375,1186.9854736328125
5,469,0.7631925940513611,0.7268919944763184,1225.7099609375,1212.5023193359375
5,472,0.8330309987068176,0.7468075752258301,1251.1199951171875,1219.7484130859375
5,474,0.7459597587585449,0.6790592670440674,1219.43994140625,1195.098876953125
5,484,0.7686620354652405,0.6145904064178467,1227.7000732421875,1171.642578125
5,488,0.6121371984481812,0.6714423298835754,1170.75,1192.32763671875
5,492,0.7026990056037903,0.7256051301956177,1203.7000732421875,1212.0341796875
5,502,0.5323218703269958,0.5730257034301758,1141.7099609375,1156.5196533203125
5,508,0.5131101608276367,0.5043997764587402,1134.719970703125,1131.55078125
5,509,0.4986807405948639,0.47392770648002625,1129.469970703125,1120.4638671875
5,510,0.4863126575946808,0.5313391089439392,1124.9700927734375,1141.3524169921875
5,520,0.41848066449165344,0.41655635833740234,1100.2900390625,1099.58984375
5,524,0.6180464029312134,0.5798863768577576,1172.9000244140625,1159.015869140625
5,540,0.48656001687049866,0.4669538736343384,1125.0599365234375,1117.926513671875
5,550,0.6134564876556396,0.5604130625724792,1171.22998046875,1151.9306640625
5,556,0.6657596826553345,0.6369902491569519,1190.260009765625,1179.79248046875
5,562,0.7491479516029358,0.6933234333992004,1220.5999755859375,1200.288818359375
5,563,0.7238896489143372,0.690165102481842,1211.4100341796875,1199.1396484375
5,564,0.7189698815345764,0.6643899083137512,1209.6199951171875,1189.7615966796875
5,565,0.6235707998275757,0.6811500787734985,1174.9100341796875,1195.859619140625
5,577,0.6642480492591858,0.6838674545288086,1189.7100830078125,1196.8482666015625
5,586,0.6559751629829407,0.6654806137084961,1186.7000732421875,1190.158447265625
5,592,0.6212071180343628,0.6129781007766724,1174.050048828125,1171.055908203125
5,600,0.5184971690177917,0.6148395538330078,1136.6800537109375,1171.733154296875
5,608,0.3865160644054413,0.4975045621395111,1088.6600341796875,1129.0421142578125
5,612,0.6222240328788757,0.6291552782058716,1174.419921875,1176.94189453125
5,623,0.7245492339134216,0.6540821194648743,1211.6500244140625,1186.01123046875
5,627,0.7359828352928162,0.6174447536468506,1215.8099365234375,1172.6810302734375
5,632,0.646135687828064,0.6504532098770142,1183.1199951171875,1184.69091796875
5,639,0.4663313627243042,0.5514150857925415,1117.699951171875,1148.6568603515625
5,640,0.5587071180343628,0.6284745335578918,1151.31005859375,1176.6942138671875
5,641,0.6092513203620911,0.5730522871017456,1169.7000732421875,1156.529296875
5,642,0.5834982395172119,0.6159799695014954,1160.3299560546875,1172.148193359375
5,645,0.6889566779136658,0.6327064037322998,1198.699951171875,1178.23388671875
5,646,0.7349933981895447,0.6462241411209106,1215.449951171875,1183.1522216796875
5,647,0.5776165127754211,0.5992485284805298,1158.1900634765625,1166.060546875
5,648,0.6689753532409668,0.5860443115234375,1191.429931640625,1161.25634765625
5,659,0.5785509943962097,0.5732123851776123,1158.530029296875,1156.5875244140625
5,663,0.7002803683280945,0.638312578201294,1202.8199462890625,1180.2735595703125
5,681,0.6258795261383057,0.6494272351264954,1175.75,1184.317626953125
5,683,0.584267795085907,0.6292015910148621,1160.6099853515625,1176.958740234375
5,686,0.8099164366722107,0.7664899826049805,1242.7099609375,1226.90966796875
5,687,0.7039083242416382,0.6979929208755493,1204.1400146484375,1201.98779296875
5,698,0.5785784721374512,0.5940953493118286,1158.5399169921875,1164.1856689453125
5,699,0.6810411214828491,0.5351176261901855,1195.8199462890625,1142.7271728515625
5,702,0.6622416377067566,0.5848923325538635,1188.97998046875,1160.8372802734375
5,709,0.5818216800689697,0.5364261865615845,1159.719970703125,1143.203369140625
5,719,0.45998239517211914,0.5132188200950623,1115.3900146484375,1134.759521484375
5,725,0.6687005162239075,0.6329944133758545,1191.330078125,1178.338623046875
5,729,0.44442611932754517,0.5377382636070251,1109.72998046875,1143.6806640625
5,742,0.5527154803276062,0.6468817591667175,1149.1300048828125,1183.3914794921875
5,747,0.43120601773262024,0.41615042090415955,1104.9200439453125,1099.442138671875
5,748,0.5785235166549683,0.6267892122268677,1158.52001953125,1176.0809326171875
5,749,0.6291501522064209,0.5206904411315918,1176.93994140625,1137.47802734375
5,751,0.5015391111373901,0.47336140275001526,1130.510009765625,1120.2578125
5,763,0.5047548413276672,0.5573079586029053,1131.6800537109375,1150.8009033203125
5,766,0.6382750868797302,0.607272744178772,1180.260009765625,1168.9801025390625
5,769,0.6013907194137573,0.642326831817627,1166.8399658203125,1181.734130859375
5,775,0.5740160346031189,0.5856921076774597,1156.8800048828125,1161.128173828125
5,776,0.6930793523788452,0.6660113334655762,1200.199951171875,1190.3515625
5,779,0.5996866822242737,0.6946883201599121,1166.219970703125,1200.785400390625
5,791,0.662653923034668,0.5378760695457458,1189.1300048828125,1143.7308349609375
5,794,0.6088390350341797,0.6264873743057251,1169.5499267578125,1175.97119140625
5,795,0.5565083622932434,0.6255408525466919,1150.510009765625,1175.6268310546875
5,797,0.5824263691902161,0.5139514207839966,1159.9400634765625,1135.026123046875
5,800,0.6598230004310608,0.5894982814788818,1188.0999755859375,1162.5130615234375
5,804,0.8521327972412109,0.7768637537956238,1258.0699462890625,1230.68408203125
5,805,0.6934916377067566,0.6868364810943604,1200.3499755859375,1197.9285888671875
5,815,0.7765501141548157,0.6786888837814331,1230.570068359375,1194.964111328125
5,821,0.5031057596206665,0.540522575378418,1131.0799560546875,1144.6937255859375
5,831,0.5601088404655457,0.6196867227554321,1151.8199462890625,1173.496826171875
5,835,0.5718722343444824,0.5929211378097534,1156.0999755859375,1163.7584228515625
5,840,0.5054419636726379,0.5867645740509033,1131.9300537109375,1161.5184326171875
5,854,0.5931453108787537,0.523067831993103,1163.8399658203125,1138.343017578125
5,856,0.5963335633277893,0.5351837873458862,1165.0,1142.751220703125
5,860,0.6697174310684204,0.6525612473487854,1191.699951171875,1185.4578857421875
5,863,0.6355540752410889,0.6140319108963013,1179.2698974609375,1171.4393310546875
5,870,0.6743623614311218,0.6922470331192017,1193.3900146484375,1199.897216796875
5,871,0.7329045534133911,0.7307227849960327,1214.68994140625,1213.896240234375
5,877,0.7417545914649963,0.6411260962486267,1217.9100341796875,1181.2972412109375
5,878,0.6849164366722107,0.6187214851379395,1197.22998046875,1173.1456298828125
5,880,0.7192172408103943,0.7278894186019897,1209.7099609375,1212.865234375
5,883,0.7981530427932739,0.7879802584648132,1238.4300537109375,1234.728759765625
5,891,0.7225703597068787,0.7892253398895264,1210.929931640625,1235.1817626953125
5,896,0.7652814388275146,0.7174822092056274,1226.469970703125,1209.0787353515625
5,897,0.6469327211380005,0.6964414119720459,1183.4100341796875,1201.4232177734375
5,913,0.6198053956031799,0.672953188419342,1173.5400390625,1192.8773193359375
5,928,0.6910730004310608,0.6100631356239319,1199.469970703125,1169.995361328125
5,929,0.47573110461235046,0.5633414387702942,1121.1199951171875,1152.9962158203125
5,951,0.6745272874832153,0.5989300608634949,1193.4500732421875,1165.9447021484375
5,954,0.6882970333099365,0.5942087173461914,1198.4599609375,1164.226806640625
5,955,0.6740325689315796,0.6580733060836792,1193.27001953125,1187.46337890625
5,956,0.7265281677246094,0.5574058294296265,1212.3699951171875,1150.8365478515625
5,957,0.5296009182929993,0.6142395734786987,1140.719970703125,1171.514892578125
5,959,0.6163973212242126,0.6375686526298523,1172.2999267578125,1180.0029296875
5,960,0.7122911214828491,0.5823999643325806,1207.1900634765625,1159.930419921875
5,972,0.49491533637046814,0.6367321610450745,1128.0999755859375,1179.6986083984375
5,975,0.7424691915512085,0.685788631439209,1218.1700439453125,1197.5472412109375
5,981,0.6532266736030579,0.717028021812439,1185.7000732421875,1208.9134521484375
5,995,0.6029573678970337,0.6404441595077515,1167.4100341796875,1181.0491943359375
5,1012,0.6857959628105164,0.6995502710342407,1197.5499267578125,1202.5543212890625
5,1014,0.647097647190094,0.6829423904418945,1183.4700927734375,1196.51171875
5,1016,0.4787544012069702,0.5112274885177612,1122.219970703125,1134.0350341796875
5,1017,0.46077945828437805,0.510836660861969,1115.6800537109375,1133.892822265625
5,1019,0.3969327211380005,0.42016083002090454,1092.449951171875,1100.9013671875
5,1020,0.5208607912063599,0.5065253973007202,1137.5400390625,1132.32421875
5,1021,0.46072450280189514,0.544499397277832,1115.6600341796875,1146.140625
5,1025,0.5983399152755737,0.6899698972702026,1165.72998046875,1199.068603515625
5,1028,0.5942721962928772,0.5494961738586426,1164.25,1147.9586181640625
5,1038,0.7635224461555481,0.7387837171554565,1225.830078125,1216.8291015625
5,1044,0.555134117603302,0.5983870029449463,1150.010009765625,1165.7470703125
5,1045,0.6150780320167542,0.5627488493919373,1171.820068359375,1152.780517578125
5,1051,0.7373021245002747,0.5774787664413452,1216.2900390625,1158.139892578125
5,1056,0.6070250868797302,0.5352272987365723,1168.8900146484375,1142.76708984375
5,1059,0.5716798305511475,0.49533694982528687,1156.0299072265625,1128.25341796875
5,1060,0.6963225603103638,0.618535041809082,1201.3800048828125,1173.0777587890625
5,1064,0.5358124375343323,0.5552477240562439,1142.97998046875,1150.05126953125
5,1071,0.6575142741203308,0.7364649772644043,1187.260009765625,1215.9853515625
5,1076,0.6388797163963318,0.6464993953704834,1180.47998046875,1183.2523193359375
5,1082,0.7002528309822083,0.721589207649231,1202.81005859375,1210.572998046875
5,1086,0.6405287981033325,0.5322514772415161,1181.0799560546875,1141.684326171875
5,1095,0.7908970713615417,0.7858372926712036,1235.7899169921875,1233.9490966796875
5,1104,0.6953056454658508,0.6914997696876526,1201.010009765625,1199.625244140625
5,1109,0.7163313627243042,0.6801856160163879,1208.6600341796875,1195.5087890625
5,1122,0.7344162464141846,0.6908063888549805,1215.239990234375,1199.3729248046875
5,1123,0.4905727803707123,0.5558894276618958,1126.52001953125,1150.2847900390625
5,1126,0.6334377527236938,0.6615200638771057,1178.5,1188.717529296875
5,1129,0.6596031188964844,0.6729215979576111,1188.02001953125,1192.86572265625
5,1130,0.5910015106201172,0.6117477416992188,1163.0599365234375,1170.6082763671875
5,1135,0.4626484215259552,0.623401403427124,1116.3599853515625,1174.848388671875
5,1136,0.5737411975860596,0.6255960464477539,1156.7799072265625,1175.6468505859375
5,1143,0.5709652304649353,0.6158485412597656,1155.77001953125,1172.100341796875
5,1147,0.5684916377067566,0.5456780195236206,1154.8699951171875,1146.5694580078125
5,1152,0.5717623233795166,0.5799139738082886,1156.0599365234375,1159.02587890625
5,1153,0.5137147903442383,0.6066583395004272,1134.93994140625,1168.756591796875
5,1154,0.6369557976722717,0.6420127153396606,1179.780029296875,1181.619873046875
5,1158,0.6923922896385193,0.6857411861419678,1199.949951171875,1197.530029296875
5,1162,0.6646877527236938,0.697519063949585,1189.8699951171875,1201.8153076171875
5,1171,0.7150395512580872,0.6448719501495361,1208.1900634765625,1182.66015625
5,1180,0.677825391292572,0.6968758702278137,1194.6500244140625,1201.581298828125
5,1183,0.6777979135513306,0.6830296516418457,1194.6400146484375,1196.54345703125
5,1184,0.6704595685005188,0.6601881980895996,1191.9700927734375,1188.2327880859375
5,1186,0.7473340034484863,0.7279889583587646,1219.93994140625,1212.9014892578125
5,1194,0.805463969707489,0.6904382705688477,1241.0899658203125,1199.239013671875
5,1207,0.7869118452072144,0.7260075807571411,1234.3399658203125,1212.1806640625
5,1215,0.8827231526374817,0.7912521362304688,1269.2000732421875,1235.919189453125
5,1218,0.747059166431427,0.7849324941635132,1219.840087890625,1233.619873046875
5,1224,0.659383237361908,0.6117089986801147,1187.93994140625,1170.59423828125
5,1238,0.6302770376205444,0.6161288022994995,1177.3499755859375,1172.2022705078125
5,1241,0.5785509943962097,0.6320565342903137,1158.530029296875,1177.9974365234375
5,1248,0.6715314388275146,0.6898375749588013,1192.3599853515625,1199.0205078125
5,1250,0.6126044392585754,0.6374852657318115,1170.9200439453125,1179.97265625
5,1254,0.746097207069397,0.6718100309371948,1219.489990234375,1192.46142578125
5,1256,0.6559202075004578,0.6977550983428955,1186.679931640625,1201.901123046875
5,1257,0.7442282438278198,0.6292229890823364,1218.81005859375,1176.966552734375
5,1264,0.6431123614311218,0.647401750087738,1182.02001953125,1183.5806884765625
5,1266,0.7307882308959961,0.7072068452835083,1213.919921875,1205.340087890625
5,1267,0.7820195555686951,0.7638392448425293,1232.5599365234375,1225.9451904296875
5,1275,0.6735653281211853,0.6952044367790222,1193.0999755859375,1200.97314453125
5,1282,0.7797383666038513,0.7499215602874756,1231.72998046875,1220.8814697265625
5,1291,0.8079650402069092,0.8872395157814026,1242.0,1270.84326171875
5,1294,0.8716743588447571,0.7928572297096252,1265.1800537109375,1236.503173828125
5,1297,0.8152209520339966,0.7394950985908508,1244.6400146484375,1217.087890625
5,1300,0.8086521625518799,0.7679019570350647,1242.25,1227.4234619140625
5,1306,0.8375110030174255,0.828546404838562,1252.75,1249.48828125
5,1321,0.6645228862762451,0.6199830174446106,1189.8099365234375,1173.6046142578125
5,1327,0.7359553575515747,0.7268596887588501,1215.800048828125,1212.4906005859375
5,1332,0.6985487937927246,0.6133408546447754,1202.18994140625,1171.1878662109375
5,1337,0.7088280320167542,0.7177560329437256,1205.9300537109375,1209.1783447265625
5,1349,0.5279243588447571,0.6499627828598022,1140.1099853515625,1184.512451171875
5,1354,0.7673977613449097,0.6449127793312073,1227.239990234375,1182.675048828125
5,1363,0.6201627254486084,0.700668454170227,1173.669921875,1202.961181640625
5,1367,0.5548318028450012,0.6140304207801819,1149.9000244140625,1171.4388427734375
5,1369,0.6575142741203308,0.6369274854660034,1187.260009765625,1179.7696533203125
5,1371,0.7352132797241211,0.696491003036499,1215.5299072265625,1201.4412841796875
5,1372,0.697614312171936,0.7006016969680786,1201.8499755859375,1202.9368896484375
5,1382,0.8922053575515747,0.7265913486480713,1272.6500244140625,1212.3929443359375
5,1388,0.6502583622932434,0.7361125946044922,1184.6199951171875,1215.857177734375
5,1390,0.7008025646209717,0.7324022650718689,1203.010009765625,1214.5072021484375
5,1396,0.8163753151893616,0.7444367408752441,1245.06005859375,1218.8858642578125
5,1397,0.7716029286384583,0.7194502949714661,1228.77001953125,1209.7947998046875
5,1398,0.7689368724822998,0.7119687795639038,1227.7999267578125,1207.07275390625
5,1400,0.5908641219139099,0.65496826171875,1163.010009765625,1186.3336181640625
5,1408,0.9644898772239685,0.8041741251945496,1298.949951171875,1240.6207275390625
5,1409,0.7418370842933655,0.6641237735748291,1217.9400634765625,1189.664794921875
5,1410,0.7214434742927551,0.7479667067527771,1210.52001953125,1220.170166015625
5,1411,0.7668755650520325,0.6805038452148438,1227.050048828125,1195.62451171875
5,1413,0.6548757553100586,0.6983914971351624,1186.2999267578125,1202.1328125
5,1415,0.47229552268981934,0.5472027063369751,1119.8699951171875,1147.124267578125
5,1426,0.797768235206604,0.6550331115722656,1238.2900390625,1186.357177734375
5,1430,0.40465590357780457,0.5195423364639282,1095.260009765625,1137.060302734375
5,1434,0.6656497120857239,0.6135412454605103,1190.219970703125,1171.2608642578125
5,1437,0.5676396489143372,0.6697717905044556,1154.56005859375,1191.7197265625
5,1438,0.6121097207069397,0.6537083983421326,1170.739990234375,1185.875244140625
5,1439,0.5681618452072144,0.6523724794387817,1154.75,1185.38916015625
5,1443,0.5670624375343323,0.5812335014343262,1154.3499755859375,1159.5059814453125
5,1445,0.5224823951721191,0.5882159471511841,1138.1300048828125,1162.0465087890625
5,1451,0.6205474734306335,0.5864485502243042,1173.8099365234375,1161.4034423828125
5,1459,0.5230870842933655,0.5470075607299805,1138.3499755859375,1147.05322265625
5,1462,0.43563103675842285,0.540449321269989,1106.5299072265625,1144.6671142578125
5,1478,0.628902792930603,0.6371278166770935,1176.8499755859375,1179.842529296875
5,1479,0.6696624755859375,0.6986483335494995,1191.679931640625,1202.2261962890625
5,1482,0.6709542870521545,0.6227562427520752,1192.1500244140625,1174.6136474609375
5,1484,0.6567996740341187,0.7377215027809143,1187.0,1216.442626953125
5,1485,0.5814643502235413,0.6012771129608154,1159.5899658203125,1166.798583984375
5,1490,0.6553155183792114,0.6679880619049072,1186.4599609375,1191.0706787109375
5,1491,0.6941238045692444,0.7102303504943848,1200.580078125,1206.440185546875
5,1495,0.6170844435691833,0.6635459661483765,1172.5499267578125,1189.45458984375
5,1496,0.4116644561290741,0.528392493724823,1097.8099365234375,1140.2802734375
5,1499,0.7877363562583923,0.7411772608757019,1234.6400146484375,1217.699951171875
5,1500,0.6409685611724854,0.7012972831726074,1181.239990234375,1203.18994140625
5,1508,0.829210638999939,0.6727133989334106,1249.72998046875,1192.7900390625
5,1513,0.7659960389137268,0.7378844022750854,1226.72998046875,1216.5018310546875
5,1515,0.6808487176895142,0.7525337338447571,1195.75,1221.8319091796875
5,1519,0.6472625136375427,0.6950851082801819,1183.530029296875,1200.9298095703125
5,1520,0.5414742827415466,0.5745341181755066,1145.0400390625,1157.0684814453125
5,1522,0.6844766736030579,0.6506208181381226,1197.070068359375,1184.7518310546875
5,1526,0.8223669528961182,0.7645508050918579,1247.239990234375,1226.2042236328125
5,1527,0.8854166865348816,0.8338496088981628,1270.179931640625,1251.4178466796875
5,1528,0.7956793904304504,0.7881390452384949,1237.530029296875,1234.7864990234375
5,1529,0.8126099109649658,0.7707937359809875,1243.68994140625,1228.4755859375
5,1533,0.9849659204483032,0.7773975133895874,1306.4000244140625,1230.8782958984375
5,1534,0.6690578460693359,0.8018580675125122,1191.4599609375,1239.778076171875
5,1543,0.5633520483970642,0.6207907199859619,1153.0,1173.8984375
5,1553,0.585037350654602,0.5271912813186646,1160.8900146484375,1139.84326171875
5,1563,0.6494337916374207,0.6807124614715576,1184.3199462890625,1195.700439453125
5,1565,0.6367359161376953,0.5710060596466064,1179.699951171875,1155.7847900390625
5,1570,0.6124395132064819,0.6112015843391418,1170.8599853515625,1170.40966796875
5,1572,0.5988346338272095,0.6025669574737549,1165.9100341796875,1167.2679443359375
5,1577,0.6336576342582703,0.6601963639259338,1178.5799560546875,1188.23583984375
5,1579,0.6993458867073059,0.6315618753433228,1202.47998046875,1177.8175048828125
5,1584,0.6205474734306335,0.5807301998138428,1173.8099365234375,1159.3228759765625
5,1585,0.6807937622070312,0.5850241780281067,1195.72998046875,1160.88525390625
5,1589,0.7405452728271484,0.6844433546066284,1217.469970703125,1197.057861328125
5,1590,0.7360103130340576,0.7550240755081177,1215.8199462890625,1222.7379150390625
5,1597,0.6967073678970337,0.6956740021705627,1201.52001953125,1201.14404296875
5,1598,0.663478434085846,0.6744356751441956,1189.4300537109375,1193.416748046875
5,1602,0.9147427678108215,0.8450003862380981,1280.8499755859375,1255.4749755859375
5,1603,0.7974659204483032,0.7574610114097595,1238.1800537109375,1223.6246337890625
5,1609,0.6856035590171814,0.7180646061897278,1197.47998046875,1209.2906494140625
5,1618,0.6637257933616638,0.6521133780479431,1189.52001953125,1185.294921875
5,1620,0.6651549935340881,0.6810385584831238,1190.0400390625,1195.819091796875
5,1623,0.7215809226036072,0.7171740531921387,1210.5699462890625,1208.966552734375
5,1626,0.6734553575515747,0.6959267854690552,1193.06005859375,1201.2359619140625
5,1638,0.5779738426208496,0.5970757603645325,1158.3199462890625,1165.27001953125
5,1642,0.5641490817070007,0.5871945023536682,1153.2900390625,1161.6749267578125
5,1653,0.5955640077590942,0.5887124538421631,1164.719970703125,1162.22705078125
5,1656,0.6224439144134521,0.6216894388198853,1174.5,1174.2254638671875
5,1666,0.5522207617759705,0.654107928276062,1148.949951171875,1186.0206298828125
5,1667,0.610598087310791,0.6485487222671509,1170.18994140625,1183.9979248046875
5,1677,0.6868678331375122,0.6177389025688171,1197.93994140625,1172.7880859375
5,1678,0.6230486035346985,0.6339429616928101,1174.719970703125,1178.683837890625
5,1680,0.5250934362411499,0.6201657056808472,1139.0799560546875,1173.671142578125
5,1682,0.5370217561721802,0.6016201972961426,1143.4200439453125,1166.9234619140625
5,1684,0.5532376766204834,0.5713989734649658,1149.3199462890625,1155.927734375
5,1685,0.5632146000862122,0.6030726432800293,1152.9500732421875,1167.451904296875
5,1687,0.46366533637046814,0.6211418509483337,1116.72998046875,1174.0262451171875
5,1689,0.5797603130340576,0.6304432153701782,1158.969970703125,1177.4105224609375
5,1692,0.5527154803276062,0.5969966650009155,1149.1300048828125,1165.2412109375
5,1702,0.5106915235519409,0.6142892837524414,1133.8399658203125,1171.532958984375
5,1705,0.5810796022415161,0.6181998252868652,1159.449951171875,1172.955810546875
5,1714,0.7267205119132996,0.6739205121994019,1212.43994140625,1193.229248046875
5,1717,0.6255221962928772,0.6873288154602051,1175.6199951171875,1198.107666015625
5,1718,0.6482519507408142,0.6580573320388794,1183.8900146484375,1187.4576416015625
5,1719,0.7098450064659119,0.6633380651473999,1206.300048828125,1189.37890625
5,1722,0.7416446805000305,0.7053223848342896,1217.8699951171875,1204.654541015625
5,1724,0.492634117603302,0.6379576921463013,1127.27001953125,1180.14453125
5,1727,0.6093337535858154,0.6566486358642578,1169.72998046875,1186.9449462890625
5,1732,0.7793810367584229,0.7204846739768982,1231.5999755859375,1210.171142578125
5,1733,0.6497911214828491,0.7512774467468262,1184.449951171875,1221.374755859375
5,1744,0.7225154042243958,0.6726454496383667,1210.9100341796875,1192.765380859375
5,1754,0.4955199956893921,0.5753191113471985,1128.3199462890625,1157.3541259765625
5,1757,0.5976802706718445,0.6403292417526245,1165.489990234375,1181.0074462890625
5,1770,0.6240655183792114,0.624039888381958,1175.0899658203125,1175.0806884765625
5,1775,0.6972295641899109,0.6936126947402954,1201.7099609375,1200.39404296875
5,1778,0.5557937622070312,0.6243127584457397,1150.25,1175.179931640625
5,1779,0.5902594327926636,0.554968535900116,1162.7900390625,1149.94970703125
5,1793,0.5963335633277893,0.6864567995071411,1165.0,1197.7904052734375
5,1796,0.45772868394851685,0.6213890910148621,1114.570068359375,1174.1162109375
5,1808,0.556480884552002,0.6263826489448547,1150.5,1175.93310546875
5,1819,0.42716577649116516,0.47471415996551514,1103.4500732421875,1120.75
5,1822,0.7233673930168152,0.6191247701644897,1211.219970703125,1173.2923583984375
