fold,row_index,y_true_scaled,y_pred_scaled,y_true,y_pred
1,23,0.9141049981117249,0.7463898658752441,1280.909912109375,1220.458740234375
1,29,0.8577849268913269,0.780719518661499,1260.6099853515625,1232.83251953125
1,30,0.7086061239242554,0.7654321193695068,1206.8399658203125,1227.3223876953125
1,32,0.7550771236419678,0.7649462223052979,1223.5899658203125,1227.147216796875
1,44,0.9693707823753357,0.7625953555107117,1300.8299560546875,1226.2999267578125
1,49,0.9922317266464233,0.7416622638702393,1309.070068359375,1218.7547607421875
1,51,0.7451448440551758,0.7081056237220764,1220.010009765625,1206.6595458984375
1,59,0.8068194389343262,0.7320630550384521,1242.239990234375,1215.2947998046875
1,65,0.8178892731666565,0.733609676361084,1246.22998046875,1215.852294921875
1,67,0.8956553339958191,0.6985126733779907,1274.260009765625,1203.201904296875
1,69,0.7600710391998291,0.7325580716133118,1225.3900146484375,1215.47314453125
1,70,0.7916435599327087,0.7199018001556396,1236.77001953125,1210.911376953125
1,71,0.6501220464706421,0.7193889617919922,1185.760009765625,1210.7265625
1,73,0.7657585144042969,0.7048832178115845,1227.43994140625,1205.4981689453125
1,76,0.7770225405693054,0.737784743309021,1231.5,1217.357177734375
1,78,0.7714459896087646,0.7774935960769653,1229.489990234375,1231.6697998046875
1,99,0.610059916973114,0.7035411596298218,1171.3199462890625,1205.014404296875
1,109,0.6774775385856628,0.6763471364974976,1195.6199951171875,1195.212646484375
1,111,0.7194539904594421,0.6424201130867004,1210.75,1182.98388671875
1,115,0.5672233700752258,0.6087967157363892,1155.8800048828125,1170.86474609375
1,123,0.5747974514961243,0.6550152897834778,1158.6099853515625,1187.523681640625
1,124,0.47491955757141113,0.593984067440033,1122.6099853515625,1165.525634765625
1,135,0.691044270992279,0.6163858771324158,1200.510009765625,1173.60009765625
1,141,0.6338364481925964,0.5975692272186279,1179.8900146484375,1166.81787109375
1,162,0.8335090279579163,0.6147765517234802,1251.8599853515625,1173.02001953125
1,168,0.7920597195625305,0.6543015837669373,1236.919921875,1187.2664794921875
1,173,0.7832093834877014,0.6148611307144165,1233.72998046875,1173.050537109375
1,184,0.662939727306366,0.636035680770874,1190.3800048828125,1180.6827392578125
1,185,0.8153645396232605,0.6608895659446716,1245.3199462890625,1189.6409912109375
1,188,0.6390799880027771,0.558032214641571,1181.780029296875,1152.567138671875
1,196,0.7518311142921448,0.6875548362731934,1222.419921875,1199.252197265625
1,203,0.5379813313484192,0.5361292958259583,1145.3399658203125,1144.67236328125
1,210,0.5470535755157471,0.5467217564582825,1148.6099853515625,1148.4903564453125
1,212,0.3434135913848877,0.5838521718978882,1075.2099609375,1161.8736572265625
1,220,0.5563755631446838,0.5678253769874573,1151.969970703125,1156.096923828125
1,233,0.3228554129600525,0.4746606945991516,1067.800048828125,1122.5167236328125
1,237,0.2940295338630676,0.5398674607276917,1057.409912109375,1146.019775390625
1,239,-0.009432915598154068,0.4877103567123413,948.030029296875,1127.2203369140625
1,240,0.3191099762916565,0.49041301012039185,1066.449951171875,1128.1944580078125
1,244,0.4589390754699707,0.5870254039764404,1116.8499755859375,1163.0174560546875
1,247,0.3273221552371979,0.48940813541412354,1069.4100341796875,1127.832275390625
1,250,0.24389635026454926,0.49839890003204346,1039.340087890625,1131.0728759765625
1,251,0.44933968782424927,0.4685373306274414,1113.3900146484375,1120.3095703125
1,254,0.3787038028240204,0.5462465882301331,1087.9300537109375,1148.319091796875
1,259,0.29361337423324585,0.5063009858131409,1057.260009765625,1133.921142578125
1,261,0.14030075073242188,0.4243779182434082,1002.0,1104.392822265625
1,270,0.40383973717689514,0.48071742057800293,1096.989990234375,1124.6998291015625
1,271,0.3102874159812927,0.4926329255104065,1063.27001953125,1128.99462890625
1,275,0.34982243180274963,0.4500347375869751,1077.52001953125,1113.6405029296875
1,289,0.4144934117794037,0.4646693468093872,1100.830078125,1118.9154052734375
1,297,0.41310620307922363,0.21286128461360931,1100.3299560546875,1028.1536865234375
1,298,0.46792808175086975,0.5261832475662231,1120.0899658203125,1141.0875244140625
1,303,0.3286261260509491,0.4436311721801758,1069.8800048828125,1111.3323974609375
1,305,0.5699977874755859,0.5223109126091003,1156.8800048828125,1139.6917724609375
1,307,0.5686383247375488,0.5357414484024048,1156.3900146484375,1144.53271484375
1,316,0.41643548011779785,0.4681946039199829,1101.530029296875,1120.18603515625
1,322,0.7672844529151917,0.5205546021461487,1227.989990234375,1139.0587158203125
1,324,0.280795693397522,0.4156677722930908,1052.6400146484375,1101.2532958984375
1,331,0.4506991505622864,0.3963926434516907,1113.8800048828125,1094.3057861328125
1,332,0.4729219973087311,0.47678881883621216,1121.8900146484375,1123.28369140625
1,339,0.5915270447731018,0.47545701265335083,1164.6400146484375,1122.8037109375
1,342,0.6484851837158203,0.490352988243103,1185.1700439453125,1128.1728515625
1,344,0.4685107171535492,0.4808116555213928,1120.300048828125,1124.7337646484375
1,350,0.38317057490348816,0.4225406050682068,1089.5400390625,1103.7305908203125
1,351,0.5119020938873291,0.4870032072067261,1135.93994140625,1126.9654541015625
1,352,0.4716457724571228,0.4269329309463501,1121.4300537109375,1105.313720703125
1,354,0.4376872777938843,0.46613234281539917,1109.1900634765625,1119.4427490234375
1,361,0.5468316674232483,0.41794419288635254,1148.530029296875,1102.07373046875
1,365,0.5479968786239624,0.513761579990387,1148.9500732421875,1136.6102294921875
1,366,0.34172123670578003,0.5406351089477539,1074.5999755859375,1146.2965087890625
1,367,0.3480745851993561,0.5948188900947571,1076.8900146484375,1165.8265380859375
1,374,0.5441960096359253,0.602110743522644,1147.580078125,1168.454833984375
1,381,0.5035234689712524,0.5004248023033142,1132.9200439453125,1131.8031005859375
1,382,0.6764510273933411,0.6050765514373779,1195.25,1169.5238037109375
1,383,0.49719786643981934,0.5161634683609009,1130.6400146484375,1137.4759521484375
1,394,0.636999249458313,0.5571804046630859,1181.030029296875,1152.2601318359375
1,398,0.4510875642299652,0.5551037788391113,1114.02001953125,1151.5115966796875
1,408,0.6073965430259705,0.5529037714004517,1170.3599853515625,1150.7186279296875
1,411,0.5611197352409363,0.4508022665977478,1153.6800537109375,1113.9171142578125
1,414,0.5373154878616333,0.5953657627105713,1145.0999755859375,1166.0235595703125
1,415,0.4599933326244354,0.465765118598938,1117.22998046875,1119.3104248046875
1,416,0.7003107070922852,0.5807710289955139,1203.8499755859375,1160.7630615234375
1,420,0.5227499604225159,0.5513848066329956,1139.8499755859375,1150.171142578125
1,422,0.5723837614059448,0.6029295921325684,1157.739990234375,1168.7498779296875
1,425,0.6198257803916931,0.5338806509971619,1174.8399658203125,1143.8619384765625
1,427,0.5165353417396545,0.6039811372756958,1137.6099853515625,1169.1290283203125
1,429,0.6113083958625793,0.657640814781189,1171.77001953125,1188.4700927734375
1,432,0.48044058680534363,0.5682547688484192,1124.5999755859375,1156.251708984375
1,433,0.6058983206748962,0.5759546160697937,1169.8199462890625,1159.027099609375
1,438,0.5271335244178772,0.5504562854766846,1141.429931640625,1149.83642578125
1,450,0.6942625641822815,0.5640878081321716,1201.669921875,1154.749755859375
1,464,0.6940128803253174,0.5322520136833191,1201.5799560546875,1143.27490234375
1,478,0.7736377716064453,0.5486490726470947,1230.280029296875,1149.18505859375
1,479,0.6245977282524109,0.5269907116889954,1176.56005859375,1141.3785400390625
1,481,0.7503606677055359,0.6480969190597534,1221.8900146484375,1185.030029296875
1,483,0.6671013236045837,0.5782375335693359,1191.8800048828125,1159.8499755859375
1,486,0.5821773409843445,0.5299239158630371,1161.27001953125,1142.435791015625
1,494,0.7559649348258972,0.5400349497795105,1223.9100341796875,1146.0802001953125
1,495,0.4818832576274872,0.4635339379310608,1125.1199951171875,1118.506103515625
1,497,0.507490873336792,0.5427627563476562,1134.3499755859375,1147.0633544921875
1,506,0.4713960587978363,0.5513980388641357,1121.340087890625,1150.1759033203125
1,514,0.6679891347885132,0.6762527823448181,1192.2000732421875,1195.1785888671875
1,518,0.5538786053657532,0.5560164451599121,1151.0699462890625,1151.840576171875
1,527,0.4793030619621277,0.4990372657775879,1124.18994140625,1131.302978515625
1,529,0.3990955352783203,0.5034096837043762,1095.280029296875,1132.87890625
1,530,0.4574686586856842,0.5707080364227295,1116.320068359375,1157.135986328125
1,534,0.4589945673942566,0.6255680322647095,1116.8699951171875,1176.9097900390625
1,538,0.3706858158111572,0.5239731669425964,1085.0400390625,1140.2908935546875
1,543,0.4841582477092743,0.5735127925872803,1125.93994140625,1158.14697265625
1,548,0.6417434215545654,0.5094905495643616,1182.739990234375,1135.0706787109375
1,551,0.6023748517036438,0.4400235414505005,1168.5499267578125,1110.0321044921875
1,552,0.5724669694900513,0.583922266960144,1157.77001953125,1161.89892578125
1,554,0.6207690834999084,0.563773512840271,1175.179931640625,1154.6365966796875
1,555,0.46595826745033264,0.5568981170654297,1119.3800048828125,1152.1583251953125
1,557,0.7890356183052063,0.5812001824378967,1235.8299560546875,1160.917724609375
1,561,0.6881866455078125,0.5393226146697998,1199.47998046875,1145.823486328125
1,575,0.547109067440033,0.5401632189750671,1148.6300048828125,1146.12646484375
1,576,0.6222949624061584,0.6138062477111816,1175.72998046875,1172.6702880859375
1,584,0.6610531806945801,0.5190982222557068,1189.699951171875,1138.5338134765625
1,588,0.7279713749885559,0.6043139100074768,1213.8199462890625,1169.2489013671875
1,591,0.673676609992981,0.5935763120651245,1194.25,1165.378662109375
1,596,0.5848407745361328,0.5258810520172119,1162.22998046875,1140.978515625
1,607,0.507490873336792,0.5430052876472473,1134.3499755859375,1147.1507568359375
1,609,0.5562645792961121,0.5663868188858032,1151.9300537109375,1155.5784912109375
1,610,0.6198257803916931,0.6144722104072571,1174.8399658203125,1172.9102783203125
1,611,0.5750749111175537,0.614327073097229,1158.7099609375,1172.8580322265625
1,613,0.6825268864631653,0.6230325698852539,1197.43994140625,1175.995849609375
1,614,0.610670268535614,0.5008953213691711,1171.5400390625,1131.97265625
1,617,0.6020696759223938,0.539991021156311,1168.43994140625,1146.0643310546875
1,619,0.7152923941612244,0.5748755931854248,1209.25,1158.63818359375
1,629,0.551659107208252,0.5847273468971252,1150.27001953125,1162.1890869140625
1,631,0.7261402606964111,0.60838383436203,1213.1600341796875,1170.7158203125
1,637,0.6505659818649292,0.5514941811561584,1185.9200439453125,1150.2105712890625
1,643,0.5223060846328735,0.6255284547805786,1139.6900634765625,1176.8955078125
1,651,0.5497170090675354,0.5918484926223755,1149.5699462890625,1164.755859375
1,669,0.6188269853591919,0.5990440845489502,1174.47998046875,1167.3494873046875
1,670,0.5470258593559265,0.5713203549385071,1148.5999755859375,1157.356689453125
1,679,0.7655920386314392,0.676393985748291,1227.3800048828125,1195.2294921875
1,680,0.6765342354774475,0.5793859958648682,1195.2799072265625,1160.263916015625
1,692,0.4945899546146393,0.5807356834411621,1129.7000732421875,1160.7503662109375
1,700,0.576323390007019,0.6245369911193848,1159.1600341796875,1176.5380859375
1,704,0.6482632160186768,0.5441917777061462,1185.0899658203125,1147.5784912109375
1,707,0.5344578623771667,0.6083953380584717,1144.0699462890625,1170.719970703125
1,715,0.628592848777771,0.5280517935752869,1178.0,1141.760986328125
1,720,0.4496726095676422,0.5932282209396362,1113.510009765625,1165.253173828125
1,722,0.401287317276001,0.6179726719856262,1096.0699462890625,1174.1719970703125
1,727,0.5840361714363098,0.5000393986701965,1161.93994140625,1131.6641845703125
1,736,0.47480857372283936,0.5940988659858704,1122.570068359375,1165.5670166015625
1,744,0.7353512644767761,0.6976606845855713,1216.47998046875,1202.894775390625
1,754,0.6847741603851318,0.6667318344116211,1198.25,1191.746826171875
1,755,0.6224891543388367,0.6171283721923828,1175.800048828125,1173.86767578125
1,767,0.5277161002159119,0.6063987016677856,1141.6400146484375,1170.0003662109375
1,771,0.5681666731834412,0.6383341550827026,1156.219970703125,1181.51123046875
1,772,0.8329264521598816,0.7030441761016846,1251.6500244140625,1204.835205078125
1,777,0.6690711379051208,0.6132439970970154,1192.5899658203125,1172.4676513671875
1,785,0.48235490918159485,0.6271420121192932,1125.2899169921875,1177.47705078125
1,792,0.7309122085571289,0.7172785997390747,1214.8800048828125,1209.9659423828125
1,799,0.3953501284122467,0.6744813323020935,1093.9300537109375,1194.5400390625
1,802,0.7469204068183899,0.6920372843742371,1220.64990234375,1200.867919921875
1,806,0.8224114775657654,0.6730703115463257,1247.8599853515625,1194.031494140625
1,807,0.7361280918121338,0.6496521234512329,1216.760009765625,1185.5906982421875
1,808,0.7207024693489075,0.6515693664550781,1211.199951171875,1186.2816162109375
1,817,0.6245699524879456,0.5896475315093994,1176.5499267578125,1163.9625244140625
1,818,0.6073687672615051,0.6324679255485535,1170.3499755859375,1179.396728515625
1,819,0.7820441722869873,0.6901459693908691,1233.3099365234375,1200.1861572265625
1,820,0.5730496048927307,0.5736594200134277,1157.97998046875,1158.1998291015625
1,836,0.4405726194381714,0.6078884601593018,1110.22998046875,1170.537353515625
1,838,0.4647652804851532,0.5553611516952515,1118.949951171875,1151.6043701171875
1,855,0.6591665744781494,0.6488533020019531,1189.02001953125,1185.3026123046875
1,857,0.5401453971862793,0.6550902128219604,1146.1199951171875,1187.55078125
1,861,0.6661857962608337,0.6055573225021362,1191.550048828125,1169.6971435546875
1,862,0.560176432132721,0.6231577396392822,1153.3399658203125,1176.041015625
1,869,0.6197980046272278,0.645465612411499,1174.8299560546875,1184.0816650390625
1,874,0.6628287434577942,0.6016485691070557,1190.3399658203125,1168.2882080078125
1,879,0.5670846700668335,0.6030311584472656,1155.830078125,1168.7864990234375
1,881,0.7519420981407166,0.5616122484207153,1222.4599609375,1153.8575439453125
1,888,0.7078015804290771,0.6320468187332153,1206.5499267578125,1179.2449951171875
1,898,0.7205359935760498,0.6024099588394165,1211.1400146484375,1168.5626220703125
1,909,0.8074297904968262,0.5917220115661621,1242.4599609375,1164.7103271484375
1,914,0.7867606282234192,0.6630476713180542,1235.010009765625,1190.4189453125
1,917,0.6773942708969116,0.6524645090103149,1195.5899658203125,1186.6043701171875
1,925,0.5757407546043396,0.6260652542114258,1158.949951171875,1177.0889892578125
1,939,0.5768227577209473,0.647534191608429,1159.3399658203125,1184.8271484375
1,941,0.6077572107315063,0.6225050091743469,1170.489990234375,1175.8056640625
1,963,0.5381755828857422,0.6437109708786011,1145.4100341796875,1183.44921875
1,965,0.6495116949081421,0.5452231168746948,1185.5400390625,1147.9501953125
1,976,0.604178249835968,0.5771156549453735,1169.199951171875,1159.445556640625
1,979,0.5929974317550659,0.6300541162490845,1165.1700439453125,1178.5267333984375
1,987,0.654228150844574,0.6420040726661682,1187.239990234375,1182.8338623046875
1,990,0.6813338994979858,0.6348410248756409,1197.010009765625,1180.2520751953125
1,994,0.612390398979187,0.556403636932373,1172.1600341796875,1151.9801025390625
1,997,0.5694429278373718,0.589618980884552,1156.6800537109375,1163.9522705078125
1,998,0.6831372976303101,0.6351785659790039,1197.6600341796875,1180.373779296875
1,1000,0.5782099366188049,0.5822099447250366,1159.8399658203125,1161.28173828125
1,1005,0.737848162651062,0.6084722280502319,1217.3800048828125,1170.747802734375
1,1009,0.84324711561203,0.6800136566162109,1255.3699951171875,1196.5340576171875
1,1022,0.5052990913391113,0.6349798440933228,1133.5599365234375,1180.3021240234375
1,1027,0.5819276571273804,0.5446337461471558,1161.1800537109375,1147.73779296875
1,1029,0.40453335642814636,0.5499534010887146,1097.239990234375,1149.6551513671875
1,1036,0.8034069538116455,0.6147806644439697,1241.010009765625,1173.021484375
1,1043,0.38475197553634644,0.5688033103942871,1090.1099853515625,1156.449462890625
1,1047,0.5593441128730774,0.5516043901443481,1153.0399169921875,1150.2503662109375
1,1050,0.7621795535087585,0.6463615298271179,1226.1500244140625,1184.404541015625
1,1058,0.4710908830165863,0.54029381275177,1121.22998046875,1146.173583984375
1,1078,0.7643713355064392,0.5426279306411743,1226.9400634765625,1147.014892578125
1,1079,0.6397181153297424,0.6524192094802856,1182.010009765625,1186.5880126953125
1,1084,0.7046942710876465,0.60367751121521,1205.429931640625,1169.01953125
1,1085,0.6341416239738464,0.5665842890739441,1180.0,1155.649658203125
1,1091,0.7829319834709167,0.6552093029022217,1233.6300048828125,1187.5936279296875
1,1096,0.5462212562561035,0.6154035925865173,1148.3099365234375,1173.24609375
1,1100,0.7207024693489075,0.6322689056396484,1211.199951171875,1179.324951171875
1,1105,0.6917378902435303,0.6944893598556519,1200.760009765625,1201.7518310546875
1,1107,0.6220175623893738,0.6941906213760376,1175.6300048828125,1201.64404296875
1,1120,0.5834258198738098,0.536564826965332,1161.719970703125,1144.8294677734375
1,1121,0.5594273805618286,0.5853410959243774,1153.070068359375,1162.410400390625
1,1124,0.6821939945220947,0.611147940158844,1197.3199462890625,1171.712158203125
1,1125,0.5967428684234619,0.5561091899871826,1166.52001953125,1151.8740234375
1,1128,0.5260515213012695,0.5323103666305542,1141.0400390625,1143.2960205078125
1,1132,0.5430030226707458,0.5556409358978271,1147.1500244140625,1151.7052001953125
1,1133,0.3840028941631317,0.5389277935028076,1089.8399658203125,1145.68115234375
1,1137,0.588891327381134,0.5447930097579956,1163.68994140625,1147.795166015625
1,1138,0.6811951994895935,0.6378930807113647,1196.9599609375,1181.3521728515625
1,1144,0.597602903842926,0.5411472916603088,1166.8299560546875,1146.4810791015625
1,1157,0.5253856182098389,0.6158183813095093,1140.7999267578125,1173.3956298828125
1,1159,0.554905116558075,0.5748357176780701,1151.4400634765625,1158.623779296875
1,1165,0.5897514224052429,0.5578678846359253,1164.0,1152.5079345703125
1,1168,0.781905472278595,0.6477574706077576,1233.260009765625,1184.90771484375
1,1170,0.7602375149726868,0.6328195929527283,1225.449951171875,1179.5235595703125
1,1173,0.7435356974601746,0.6171358823776245,1219.4300537109375,1173.8704833984375
1,1179,0.6879369616508484,0.552216649055481,1199.3900146484375,1150.470947265625
1,1181,0.7489457130432129,0.6468566060066223,1221.3800048828125,1184.5830078125
1,1182,0.6375818252563477,0.5367628335952759,1181.239990234375,1144.90087890625
1,1210,0.7136832475662231,0.5452486872673035,1208.6700439453125,1147.95947265625
1,1211,0.7224780917167664,0.5710200071334839,1211.8399658203125,1157.24853515625
1,1217,0.851847767829895,0.7145043015480042,1258.4700927734375,1208.9659423828125
1,1228,0.6221562623977661,0.5785014033317566,1175.6800537109375,1159.945068359375
1,1230,0.6446287631988525,0.5991289615631104,1183.780029296875,1167.3800048828125
1,1231,0.6905449032783508,0.6479381322860718,1200.3299560546875,1184.972900390625
1,1237,0.7174286842346191,0.7143349051475525,1210.02001953125,1208.9049072265625
1,1240,0.8438575267791748,0.6805167198181152,1255.5899658203125,1196.7154541015625
1,1244,0.700865626335144,0.6986994743347168,1204.050048828125,1203.2691650390625
1,1245,0.662024199962616,0.6672208309173584,1190.050048828125,1191.923095703125
1,1249,0.45977139472961426,0.60828697681427,1117.1500244140625,1170.6810302734375
1,1261,0.6548939943313599,0.6510605812072754,1187.47998046875,1186.0982666015625
1,1262,0.5403395891189575,0.6147667169570923,1146.1900634765625,1173.0166015625
1,1263,0.6928476095199585,0.5817697048187256,1201.1600341796875,1161.123046875
1,1268,0.741288423538208,0.6848448514938354,1218.6199951171875,1198.2755126953125
1,1269,0.7681999802589417,0.6022359132766724,1228.3199462890625,1168.5
1,1273,0.797303318977356,0.5595883131027222,1238.81005859375,1153.1280517578125
1,1274,0.7389024496078491,0.6382576823234558,1217.760009765625,1181.483642578125
1,1281,0.7493063807487488,0.6133825778961182,1221.510009765625,1172.517578125
1,1284,0.9594107270240784,0.6807347536087036,1297.239990234375,1196.7940673828125
1,1288,0.8609200119972229,0.6568001508712769,1261.739990234375,1188.1671142578125
1,1290,0.740067720413208,0.6470073461532593,1218.1800537109375,1184.6373291015625
1,1292,0.8891909718513489,0.5957030057907104,1271.929931640625,1166.145263671875
1,1299,0.88711017370224,0.689498245716095,1271.1800537109375,1199.9527587890625
1,1309,0.8578959107398987,0.668631911277771,1260.6500244140625,1192.4317626953125
1,1315,0.882948637008667,0.7180042266845703,1269.679931640625,1210.2274169921875
1,1316,0.7235046029090881,0.6131216287612915,1212.2099609375,1172.423583984375
1,1317,0.5320718884468079,0.6738035678863525,1143.2099609375,1194.2957763671875
1,1318,0.6500388383865356,0.6478843688964844,1185.72998046875,1184.953369140625
1,1323,0.6540616750717163,0.7049533128738403,1187.1800537109375,1205.5234375
1,1328,0.5186161398887634,0.6046746969223022,1138.3599853515625,1169.3790283203125
1,1329,0.7501664757728577,0.6563180685043335,1221.8199462890625,1187.9932861328125
1,1331,0.7559649348258972,0.6664309501647949,1223.9100341796875,1191.6383056640625
1,1336,0.573493480682373,0.58445805311203,1158.1400146484375,1162.092041015625
1,1339,0.6855509877204895,0.6068018674850464,1198.5299072265625,1170.145751953125
1,1341,0.7096881866455078,0.6485572457313538,1207.22998046875,1185.1959228515625
1,1347,0.6456830501556396,0.6393073797225952,1184.1600341796875,1181.8619384765625
1,1348,0.6098657250404358,0.5477274656295776,1171.25,1148.8529052734375
1,1357,0.691044270992279,0.5797390937805176,1200.510009765625,1160.39111328125
1,1358,0.6995893716812134,0.6874456405639648,1203.5899658203125,1199.212890625
1,1364,0.6334202885627747,0.5635510683059692,1179.739990234375,1154.556396484375
1,1376,0.621712327003479,0.6533359289169312,1175.52001953125,1186.91845703125
1,1378,0.6012651324272156,0.5411316752433777,1168.1500244140625,1146.4754638671875
1,1383,0.5659471750259399,0.5571639537811279,1155.4200439453125,1152.254150390625
1,1384,0.6947619318962097,0.5520450472831726,1201.8499755859375,1150.4091796875
1,1385,0.7213128209114075,0.6389743089675903,1211.419921875,1181.741943359375
1,1392,0.8455221652984619,0.6353558897972107,1256.18994140625,1180.4376220703125
1,1393,0.6807790398597717,0.550545334815979,1196.8099365234375,1149.8685302734375
1,1395,0.5587337613105774,0.5376495718955994,1152.8199462890625,1145.220458984375
1,1399,0.6611363887786865,0.5718768835067749,1189.72998046875,1157.557373046875
1,1402,0.559566080570221,0.6080202460289001,1153.1199951171875,1170.5848388671875
1,1405,0.5896681547164917,0.5495948195457458,1163.969970703125,1149.5260009765625
1,1418,0.536261260509491,0.6545551419258118,1144.719970703125,1187.3577880859375
1,1419,0.5242204070091248,0.5927107334136963,1140.3800048828125,1165.066650390625
1,1420,0.4993896484375,0.5221680402755737,1131.429931640625,1139.6402587890625
1,1423,0.45916101336479187,0.5514633655548096,1116.929931640625,1150.199462890625
1,1424,0.5765175819396973,0.644885241985321,1159.22998046875,1183.8724365234375
1,1425,0.7495006322860718,0.5365324020385742,1221.580078125,1144.8177490234375
1,1433,0.7026134729385376,0.6212785840034485,1204.6800537109375,1175.3636474609375
1,1436,0.7921707034111023,0.6539748907089233,1236.9599609375,1187.148681640625
1,1448,0.7323826551437378,0.567446231842041,1215.4100341796875,1155.9603271484375
1,1457,0.7056097984313965,0.6561975479125977,1205.760009765625,1187.9498291015625
1,1458,0.4423482418060303,0.608081579208374,1110.8699951171875,1170.60693359375
1,1460,0.695094883441925,0.6858075857162476,1201.969970703125,1198.62255859375
1,1461,0.5598435401916504,0.6440116167068481,1153.219970703125,1183.5576171875
1,1464,0.7341305017471313,0.702944815158844,1216.0400390625,1204.7994384765625
1,1466,0.773499071598053,0.7464381456375122,1230.22998046875,1220.4761962890625
1,1471,0.45663633942604065,0.6286888718605042,1116.02001953125,1178.0345458984375
1,1473,0.6125845909118652,0.6424466967582703,1172.22998046875,1182.9935302734375
1,1475,0.6115303635597229,0.6756466031074524,1171.8499755859375,1194.9600830078125
1,1476,0.7396237850189209,0.7435221076011658,1218.02001953125,1219.4251708984375
1,1493,0.5503273606300354,0.6301023364067078,1149.7899169921875,1178.5440673828125
1,1497,0.6871046423912048,0.7065141201019287,1199.0899658203125,1206.0859375
1,1498,0.5767672657966614,0.5990701913833618,1159.3199462890625,1167.35888671875
1,1504,0.7251692414283752,0.5561736822128296,1212.8099365234375,1151.897216796875
1,1505,0.8394462466239929,0.6820616722106934,1254.0,1197.2723388671875
1,1506,0.637304425239563,0.6031125783920288,1181.1400146484375,1168.81591796875
1,1511,0.7217844724655151,0.6075490713119507,1211.5899658203125,1170.4150390625
1,1516,0.696204662322998,0.5596897602081299,1202.3699951171875,1153.16455078125
1,1518,0.623931884765625,0.6421818733215332,1176.3199462890625,1182.8980712890625
1,1530,0.7838475108146667,0.5895376205444336,1233.9599609375,1163.9229736328125
1,1536,0.7531628012657166,0.6085134744644165,1222.9000244140625,1170.7625732421875
1,1540,0.8117300868034363,0.6852635145187378,1244.010009765625,1198.4263916015625
1,1546,0.7154033780097961,0.6291186809539795,1209.2899169921875,1178.1895751953125
1,1557,0.5403118133544922,0.6185134649276733,1146.179931640625,1174.3670654296875
1,1562,0.6864665150642395,0.6470882892608643,1198.8599853515625,1184.66650390625
1,1573,0.5410332083702087,0.5573793649673462,1146.4400634765625,1152.331787109375
1,1586,0.6881589293479919,0.600394606590271,1199.469970703125,1167.8363037109375
1,1587,0.5822605490684509,0.6124619245529175,1161.300048828125,1172.185791015625
1,1595,0.7382088303565979,0.5455220341682434,1217.510009765625,1148.0579833984375
1,1599,0.6397181153297424,0.6565303802490234,1182.010009765625,1188.06982421875
1,1607,0.7129619121551514,0.571700930595398,1208.4100341796875,1157.493896484375
1,1611,0.8375874161720276,0.6603857278823853,1253.3299560546875,1189.45947265625
1,1612,0.7655920386314392,0.6506931781768799,1227.3800048828125,1185.9658203125
1,1617,0.676312267780304,0.5475494861602783,1195.199951171875,1148.7886962890625
1,1621,0.6689324378967285,0.6184167861938477,1192.5400390625,1174.3321533203125
1,1622,0.7721951007843018,0.647325336933136,1229.760009765625,1184.751953125
1,1627,0.7524691820144653,0.5336994528770447,1222.6500244140625,1143.796630859375
1,1631,0.7135445475578308,0.5847342014312744,1208.6199951171875,1162.1915283203125
1,1633,0.7649539709091187,0.617118239402771,1227.1500244140625,1173.8641357421875
1,1637,0.7012817859649658,0.5214937925338745,1204.199951171875,1139.397216796875
1,1646,0.6658528447151184,0.6406756639480591,1191.429931640625,1182.355224609375
1,1657,0.70522141456604,0.6922684907913208,1205.6199951171875,1200.9512939453125
1,1662,0.5499112010002136,0.5835010409355164,1149.6400146484375,1161.7470703125
1,1663,0.5592054128646851,0.5697267651557922,1152.989990234375,1156.7822265625
1,1669,0.5757962465286255,0.5751481056213379,1158.969970703125,1158.736328125
1,1671,0.5712184906005859,0.521060585975647,1157.3199462890625,1139.2410888671875
1,1675,0.4988902509212494,0.5823123455047607,1131.25,1161.318603515625
1,1686,0.584535539150238,0.5987964868545532,1162.1199951171875,1167.26025390625
1,1688,0.6573354601860046,0.6072747111320496,1188.3599853515625,1170.316162109375
1,1699,0.5851459503173828,0.613254725933075,1162.3399658203125,1172.4715576171875
1,1707,0.6924314498901367,0.575420081615448,1201.010009765625,1158.83447265625
1,1709,0.7438408732414246,0.6136378049850464,1219.5400390625,1172.609619140625
1,1711,0.7919764518737793,0.6440110802650452,1236.8900146484375,1183.557373046875
1,1736,0.687493085861206,0.5836461782455444,1199.22998046875,1161.7994384765625
1,1741,0.4200144410133362,0.5745052695274353,1102.8199462890625,1158.504638671875
1,1745,0.7951115369796753,0.6542916297912598,1238.02001953125,1187.2628173828125
1,1749,0.7131561636924744,0.5223036408424377,1208.47998046875,1139.6890869140625
1,1750,0.535456657409668,0.5821090936660767,1144.429931640625,1161.2454833984375
1,1753,0.45744091272354126,0.5889600515365601,1116.3099365234375,1163.71484375
1,1756,0.8395017385482788,0.6395313143730164,1254.02001953125,1181.942626953125
1,1759,0.709382951259613,0.5269850492477417,1207.1199951171875,1141.37646484375
1,1761,0.6871601343154907,0.5690878629684448,1199.1099853515625,1156.552001953125
1,1763,0.5751858949661255,0.6164917945861816,1158.75,1173.6383056640625
1,1767,0.6287870407104492,0.6790853142738342,1178.0699462890625,1196.199462890625
1,1777,0.7185384631156921,0.6475927829742432,1210.4200439453125,1184.8482666015625
1,1782,0.5916934609413147,0.5200483202934265,1164.699951171875,1138.876220703125
1,1783,0.5702752470970154,0.5427203178405762,1156.97998046875,1147.048095703125
1,1788,0.7274442315101624,0.619295060634613,1213.6300048828125,1174.648681640625
1,1791,0.542142927646637,0.560927152633667,1146.8399658203125,1153.610595703125
1,1792,0.5684441328048706,0.49972134828567505,1156.320068359375,1131.549560546875
1,1802,0.595161497592926,0.5495403409004211,1165.949951171875,1149.5062255859375
1,1813,0.6420763731002808,0.5463536381721497,1182.8599853515625,1148.357666015625
1,1815,0.6615525484085083,0.5197428464889526,1189.8800048828125,1138.76611328125
2,10,0.9066348075866699,0.8734238147735596,1277.9000244140625,1265.8165283203125
2,15,0.7738016843795776,0.7657859325408936,1229.570068359375,1226.653564453125
2,18,0.8024681210517883,0.8823837041854858,1240.0,1269.0765380859375
2,31,0.7434311509132385,0.8216522932052612,1218.52001953125,1246.97998046875
2,43,0.8733234405517578,0.8718312978744507,1265.7799072265625,1265.237060546875
2,48,0.8641710877418518,0.8884165287017822,1262.4500732421875,1271.271484375
2,54,0.8046668767929077,0.8352233171463013,1240.800048828125,1251.9176025390625
2,56,0.8426231145858765,0.8517181873321533,1254.6099853515625,1257.9190673828125
2,58,0.9514346718788147,0.8712496757507324,1294.2000732421875,1265.025390625
2,63,0.7822394371032715,0.8547197580337524,1232.6400146484375,1259.01123046875
2,81,0.6933817267417908,0.739799976348877,1200.3099365234375,1217.19873046875
2,83,0.6848614811897278,0.7140984535217285,1197.2100830078125,1207.8475341796875
2,84,0.6834597587585449,0.6981589794158936,1196.699951171875,1202.048095703125
2,86,0.763384997844696,0.7954851388931274,1225.780029296875,1237.4593505859375
2,100,0.6858234405517578,0.7307093143463135,1197.5599365234375,1213.8912353515625
2,101,0.6609498858451843,0.7363748550415039,1188.510009765625,1215.95263671875
2,105,0.7196844816207886,0.7870521545410156,1209.8800048828125,1234.3909912109375
2,107,0.7459322810173035,0.7200524806976318,1219.429931640625,1210.013916015625
2,113,0.5539247989654541,0.5869866609573364,1149.5699462890625,1161.5992431640625
2,118,0.7379617691040039,0.6748578548431396,1216.530029296875,1193.5701904296875
2,126,0.47960641980171204,0.6292237043380737,1122.530029296875,1176.966796875
2,128,0.46462729573249817,0.5509178638458252,1117.080078125,1148.4759521484375
2,129,0.6659795641899109,0.6026550531387329,1190.3399658203125,1167.300048828125
2,140,0.7243018746376038,0.6720595359802246,1211.56005859375,1192.5521240234375
2,147,0.6900286078453064,0.7104387283325195,1199.0899658203125,1206.5159912109375
2,148,0.7203441262245178,0.6686300039291382,1210.1199951171875,1191.3043212890625
2,155,0.7211686372756958,0.7381309270858765,1210.4200439453125,1216.591552734375
2,158,0.8050516843795776,0.7241604328155518,1240.9400634765625,1211.508544921875
2,163,0.6804914474487305,0.7394189834594727,1195.6199951171875,1217.0601806640625
2,170,0.7240819931030273,0.7609496116638184,1211.47998046875,1224.8939208984375
2,174,0.6626264452934265,0.7512178421020508,1189.1199951171875,1221.35302734375
2,175,0.6635059118270874,0.7628079652786255,1189.43994140625,1225.570068359375
2,177,0.7171009182929993,0.749956488609314,1208.9400634765625,1220.8941650390625
2,179,0.6329980492591858,0.6284030675888062,1178.340087890625,1176.668212890625
2,181,0.6751319169998169,0.7141612768173218,1193.6700439453125,1207.8704833984375
2,182,0.7263907194137573,0.7170040607452393,1212.3199462890625,1208.9046630859375
2,192,0.726940393447876,0.6598498821258545,1212.5198974609375,1188.1097412109375
2,195,0.7432113289833069,0.7055611610412598,1218.4400634765625,1204.7413330078125
2,198,0.6195305585861206,0.6328650712966919,1173.4400634765625,1178.2916259765625
2,199,0.8960531949996948,0.8207341432571411,1274.050048828125,1246.6458740234375
2,208,0.21641381084918976,0.26729559898376465,1026.77001953125,1045.2828369140625
2,209,0.41658422350883484,0.48447462916374207,1099.5999755859375,1124.30126953125
2,214,0.5504892468452454,0.5677496194839478,1148.320068359375,1154.5999755859375
2,218,0.296806275844574,0.45196282863616943,1056.02001953125,1112.47216796875
2,221,0.4665237367153168,0.5530740022659302,1117.77001953125,1149.260498046875
2,226,0.28806617856025696,0.28710296750068665,1052.840087890625,1052.4896240234375
2,231,0.4579210579395294,0.46356523036956787,1114.6400146484375,1116.693603515625
2,236,0.5025010704994202,0.4094046950340271,1130.8599853515625,1096.98779296875
2,243,0.6043040752410889,0.5879706144332886,1167.89990234375,1161.957275390625
2,265,0.4610542953014374,0.44034385681152344,1115.7799072265625,1108.24462890625
2,266,0.31593558192253113,0.34445932507514954,1062.97998046875,1073.358154296875
2,274,0.37082234025001526,0.41273024678230286,1082.949951171875,1098.19775390625
2,277,0.28748899698257446,0.44110333919525146,1052.6300048828125,1108.52099609375
2,282,0.46883246302604675,0.505017876625061,1118.6099853515625,1131.7757568359375
2,285,0.40012094378471375,0.35521069169044495,1093.6099853515625,1077.2698974609375
2,286,0.5436180830001831,0.46577057242393494,1145.820068359375,1117.4959716796875
2,287,0.5348504781723022,0.43673062324523926,1142.6300048828125,1106.9300537109375
2,291,0.5545294880867004,0.42123010754585266,1149.7900390625,1101.2904052734375
2,292,0.45899295806884766,0.40350309014320374,1115.0299072265625,1094.840576171875
2,296,0.47781991958618164,0.41253969073295593,1121.8800048828125,1098.12841796875
2,300,0.4826847016811371,0.35760363936424255,1123.6500244140625,1078.1405029296875
2,306,0.5622251629829407,0.5038048028945923,1152.590087890625,1131.3343505859375
2,308,0.4776275157928467,0.5058382749557495,1121.8099365234375,1132.07421875
2,309,0.3287433981895447,0.44659170508384705,1067.6400146484375,1110.5179443359375
2,310,0.4866974353790283,0.4779372811317444,1125.1099853515625,1121.9227294921875
2,312,0.4911499619483948,0.5009684562683105,1126.72998046875,1130.3023681640625
2,323,0.5020613670349121,0.4974820911884308,1130.699951171875,1129.033935546875
2,326,0.5567007660865784,0.4943922460079193,1150.580078125,1127.90966796875
2,327,0.5086851119995117,0.5150549411773682,1133.1099853515625,1135.4276123046875
2,329,0.5825088024139404,0.4044148921966553,1159.969970703125,1095.1722412109375
2,334,0.4147702157497406,0.4989148676395416,1098.9400634765625,1129.55517578125
2,341,0.5196239948272705,0.45851990580558777,1137.0899658203125,1114.85791015625
2,346,0.5386708378791809,0.5207338333129883,1144.02001953125,1137.4937744140625
2,353,0.4768030047416687,0.519985556602478,1121.510009765625,1137.2215576171875
2,355,0.5465314388275146,0.5386031866073608,1146.8800048828125,1143.995361328125
2,358,0.5185796022415161,0.5216861963272095,1136.7099609375,1137.84033203125
2,360,0.5162708759307861,0.5631734132766724,1135.8699951171875,1152.93505859375
2,363,0.5732190012931824,0.5780909061431885,1156.5899658203125,1158.362548828125
2,370,0.503133237361908,0.5359870195388794,1131.0899658203125,1143.0435791015625
2,371,0.3562829792499542,0.4917103946208954,1077.6600341796875,1126.933837890625
2,377,0.5218777656555176,0.5801626443862915,1137.909912109375,1159.1163330078125
2,380,0.624175488948822,0.6638839244842529,1175.1300048828125,1189.5775146484375
2,405,0.49623459577560425,0.5690457820892334,1128.5799560546875,1155.071533203125
2,410,0.6339874863624573,0.5383384227752686,1178.7000732421875,1143.8990478515625
2,413,0.5112137198448181,0.5132942199707031,1134.030029296875,1134.7869873046875
2,423,0.7064643502235413,0.6182693243026733,1205.070068359375,1172.9810791015625
2,426,0.5831409692764282,0.5793732404708862,1160.2000732421875,1158.8292236328125
2,428,0.5218502879142761,0.5530922412872314,1137.9000244140625,1149.26708984375
2,430,0.5561235547065735,0.5707744359970093,1150.3699951171875,1155.7005615234375
2,435,0.5095646381378174,0.589614987373352,1133.429931640625,1162.5555419921875
2,439,0.6803814768791199,0.6582987308502197,1195.5799560546875,1187.54541015625
2,451,0.8483124375343323,0.8210333585739136,1256.6800537109375,1246.7547607421875
2,453,0.5804474353790283,0.6844946146011353,1159.219970703125,1197.0765380859375
2,457,0.6838720440864563,0.753512978553772,1196.8499755859375,1222.1881103515625
2,461,0.707096517086029,0.7508803606033325,1205.2999267578125,1221.2303466796875
2,462,0.6408036351203918,0.7270159721374512,1181.1800537109375,1212.5474853515625
2,468,0.6466578841209412,0.7310888767242432,1183.3099365234375,1214.029296875
2,471,0.6017755270004272,0.6353504657745361,1166.97998046875,1179.1959228515625
2,480,0.6349769234657288,0.6510277986526489,1179.06005859375,1184.89990234375
2,482,0.6293425559997559,0.6460880041122437,1177.010009765625,1183.1026611328125
2,485,0.6422053575515747,0.670792818069458,1181.68994140625,1192.0911865234375
2,490,0.7551121115684509,0.6731021404266357,1222.77001953125,1192.931396484375
2,493,0.6300296783447266,0.6379718780517578,1177.260009765625,1180.149658203125
2,500,0.5767645239830017,0.6358696222305298,1157.8800048828125,1179.384765625
2,513,0.6142260432243347,0.648404598236084,1171.510009765625,1183.9454345703125
2,516,0.6087566018104553,0.5757858753204346,1169.52001953125,1157.52392578125
2,522,0.4913698434829712,0.5192674398422241,1126.81005859375,1136.9603271484375
2,526,0.48425132036209106,0.4465998411178589,1124.219970703125,1110.5208740234375
2,528,0.4664413034915924,0.4770013689994812,1117.739990234375,1121.5821533203125
2,532,0.5781387686729431,0.5268644094467163,1158.3800048828125,1139.724365234375
2,535,0.5724494457244873,0.6026577949523926,1156.3099365234375,1167.301025390625
2,544,0.5847625136375427,0.5507612228393555,1160.7899169921875,1148.4189453125
2,560,0.6619118452072144,0.7138020992279053,1188.8599853515625,1207.73974609375
2,566,0.7559641599655151,0.7504150867462158,1223.0799560546875,1221.06103515625
2,567,0.8269844055175781,0.7661855220794678,1248.919921875,1226.7989501953125
2,570,0.5982300043106079,0.6875423192977905,1165.6900634765625,1198.1854248046875
2,582,0.8097240328788757,0.6900988817214966,1242.6400146484375,1199.1156005859375
2,583,0.6829375624656677,0.6957112550735474,1196.510009765625,1201.1575927734375
2,585,0.6372581124305725,0.7005094289779663,1179.8900146484375,1202.9033203125
2,589,0.7441732883453369,0.7314810752868652,1218.7899169921875,1214.1719970703125
2,590,0.7517589926719666,0.6868503093719482,1221.5499267578125,1197.93359375
2,593,0.6644678711891174,0.5949255228042603,1189.7900390625,1164.4876708984375
2,597,0.5703606009483337,0.5484694242477417,1155.5499267578125,1147.5850830078125
2,598,0.613346517086029,0.5662275552749634,1171.18994140625,1154.0462646484375
2,599,0.5478782057762146,0.6074124574661255,1147.3699951171875,1169.031005859375
2,601,0.6643030047416687,0.6535143852233887,1189.72998046875,1185.8046875
2,602,0.6579540371894836,0.6713656187057495,1187.4200439453125,1192.2996826171875
2,618,0.6379452347755432,0.5944311618804932,1180.1400146484375,1164.3077392578125
2,620,0.6849989295005798,0.6108441352844238,1197.260009765625,1170.279541015625
2,621,0.653171718120575,0.6583558320999146,1185.679931640625,1187.566162109375
2,626,0.6699373126029968,0.6190081834793091,1191.780029296875,1173.25
2,628,0.609306275844574,0.6189992427825928,1169.719970703125,1173.2467041015625
2,634,0.5838280320167542,0.6554098129272461,1160.4500732421875,1186.4942626953125
2,650,0.6720261573791504,0.6101055145263672,1192.5399169921875,1170.0107421875
2,654,0.5994393229484558,0.6446112394332886,1166.1300048828125,1182.5653076171875
2,660,0.6891765594482422,0.6360098123550415,1198.7799072265625,1179.435791015625
2,674,0.545019805431366,0.6476595401763916,1146.3299560546875,1183.6744384765625
2,677,0.6142535209655762,0.6600877046585083,1171.52001953125,1188.1962890625
2,678,0.6732354760169983,0.7043802738189697,1192.97998046875,1204.3116455078125
2,682,0.6736752390861511,0.6315447092056274,1193.1400146484375,1177.811279296875
2,693,0.40138521790504456,0.4891557991504669,1094.0699462890625,1126.0045166015625
2,694,0.4421723783016205,0.501876711845398,1108.9100341796875,1130.6328125
2,701,0.5930353999137878,0.6272987127304077,1163.7999267578125,1176.266357421875
2,705,0.4290347397327423,0.49501368403434753,1104.1300048828125,1128.1357421875
2,706,0.613401472568512,0.4981387257575989,1171.2099609375,1129.2728271484375
2,710,0.5235543251037598,0.6306687593460083,1138.52001953125,1177.4925537109375
2,711,0.7245492339134216,0.6828960180282593,1211.6500244140625,1196.494873046875
2,712,0.7086081504821777,0.7030823230743408,1205.8499755859375,1203.8394775390625
2,721,0.5332013964653015,0.5409191846847534,1142.030029296875,1144.8380126953125
2,730,0.5700857639312744,0.6263864040374756,1155.449951171875,1175.9344482421875
2,733,0.4100428819656372,0.6274656057357788,1097.219970703125,1176.3271484375
2,741,0.5193766355514526,0.5792851448059082,1137.0,1158.797119140625
2,743,0.59047931432724,0.6704422235488892,1162.8699951171875,1191.9637451171875
2,745,0.8210477232933044,0.7241300344467163,1246.760009765625,1211.4974365234375
2,746,0.5827561616897583,0.38896411657333374,1160.06005859375,1089.5506591796875
2,752,0.519651472568512,0.5410133600234985,1137.0999755859375,1144.872314453125
2,756,0.584075391292572,0.6339826583862305,1160.5399169921875,1178.6982421875
2,757,0.6283256411552429,0.6271790266036987,1176.6400146484375,1176.2227783203125
2,759,0.611615002155304,0.5997391939163208,1170.56005859375,1166.2391357421875
2,765,0.5547768473625183,0.4906690716743469,1149.8800048828125,1126.5550537109375
2,774,0.39396438002586365,0.46793025732040405,1091.3699951171875,1118.28173828125
2,780,0.6978892087936401,0.6295919418334961,1201.9500732421875,1177.1007080078125
2,781,0.7168535590171814,0.7452890872955322,1208.8499755859375,1219.1959228515625
2,782,0.6610597968101501,0.6871351003646851,1188.5499267578125,1198.0372314453125
2,798,0.5349054336547852,0.5968407392501831,1142.64990234375,1165.1845703125
2,809,0.6877198815345764,0.6936758756637573,1198.25,1200.4169921875
2,810,0.6192557215690613,0.7302689552307129,1173.3399658203125,1213.7310791015625
2,813,0.7158915996551514,0.7094835042953491,1208.5,1206.16845703125
2,816,0.7846031188964844,0.7467305660247803,1233.5,1219.720458984375
2,824,0.6882420778274536,0.6516904830932617,1198.4400634765625,1185.1409912109375
2,832,0.5578551292419434,0.5335047245025635,1151.0,1142.140380859375
2,834,0.5234443545341492,0.5497815608978271,1138.47998046875,1148.0625
2,839,0.34526166319847107,0.4511408507823944,1073.6500244140625,1112.173095703125
2,841,0.612576961517334,0.61390221118927,1170.909912109375,1171.3922119140625
2,843,0.550269365310669,0.6114673614501953,1148.239990234375,1170.5062255859375
2,844,0.317749559879303,0.4370000660419464,1063.6400146484375,1107.0281982421875
2,859,0.6016106009483337,0.5826056003570557,1166.9200439453125,1160.005126953125
2,864,0.5715973973274231,0.5654606819152832,1156.0,1153.7672119140625
2,867,0.5847625136375427,0.6073249578475952,1160.7899169921875,1168.9991455078125
2,886,0.7930408716201782,0.8378474712371826,1236.5699462890625,1252.8724365234375
2,887,0.7481859922409058,0.7214702367782593,1220.25,1210.52978515625
2,892,0.6790897250175476,0.6759377717971802,1195.1099853515625,1193.9632568359375
2,901,0.8798647522926331,0.739537239074707,1268.1600341796875,1217.1031494140625
2,903,0.6919800043106079,0.7130259275436401,1199.800048828125,1207.4573974609375
2,904,0.7755606770515442,0.7487916946411133,1230.2100830078125,1220.4703369140625
2,906,0.7628628015518188,0.7734674215316772,1225.5899658203125,1229.4483642578125
2,907,0.84375,0.8506853580474854,1255.02001953125,1257.5433349609375
2,910,0.8018909692764282,0.847254753112793,1239.7900390625,1256.295166015625
2,916,0.7149021625518799,0.735489010810852,1208.1400146484375,1215.63037109375
2,926,0.5441402792930603,0.5954803228378296,1146.010009765625,1164.6895751953125
2,931,0.5361422896385193,0.6155110597610474,1143.0999755859375,1171.9775390625
2,932,0.6491864323616028,0.7471438646316528,1184.22998046875,1219.870849609375
2,936,0.5973779559135437,0.6259008646011353,1165.3800048828125,1175.7578125
2,937,0.7152594327926636,0.6859860420227051,1208.27001953125,1197.619140625
2,938,0.6892589926719666,0.6207414865493774,1198.8099365234375,1173.880615234375
2,942,0.6880221962928772,0.7455030679702759,1198.3599853515625,1219.2738037109375
2,948,0.6119447946548462,0.6498533487319946,1170.6800537109375,1184.47265625
2,949,0.6816457509994507,0.7125170230865479,1196.0400390625,1207.2720947265625
2,950,0.6464654803276062,0.7060496807098389,1183.239990234375,1204.9190673828125
2,964,0.7099549174308777,0.710584282875061,1206.3399658203125,1206.5689697265625
2,966,0.6838445663452148,0.6658952236175537,1196.8399658203125,1190.309326171875
2,968,0.6214544773101807,0.632240891456604,1174.1400146484375,1178.0645751953125
2,978,0.5943546891212463,0.6172428131103516,1164.280029296875,1172.6075439453125
2,982,0.6283531188964844,0.6639348268508911,1176.64990234375,1189.5960693359375
2,984,0.6948109269142151,0.7011775970458984,1200.830078125,1203.1463623046875
2,986,0.6973944306373596,0.6754505634307861,1201.77001953125,1193.785888671875
2,988,0.633327841758728,0.6808178424835205,1178.4599609375,1195.73876953125
2,999,0.5153914093971252,0.5722085237503052,1135.550048828125,1156.222412109375
2,1004,0.7546173930168152,0.7276368141174316,1222.5899658203125,1212.7733154296875
2,1006,0.716963529586792,0.6522350311279297,1208.8900146484375,1185.339111328125
2,1007,0.7069315910339355,0.772478461265564,1205.239990234375,1229.088623046875
2,1010,0.68980872631073,0.6935857534408569,1199.010009765625,1200.38427734375
2,1030,0.4598999619483948,0.46005743741989136,1115.3599853515625,1115.417236328125
2,1033,0.7028089165687561,0.6724169254302979,1203.739990234375,1192.68212890625
2,1040,0.7705309987068176,0.7242168188095093,1228.3800048828125,1211.529052734375
2,1049,0.5721195936203003,0.6624306440353394,1156.18994140625,1189.048828125
2,1054,0.6241479516029358,0.7042235136032104,1175.1199951171875,1204.254638671875
2,1055,0.6788973212242126,0.7140848636627197,1195.0400390625,1207.8426513671875
2,1061,0.5871261954307556,0.629967212677002,1161.6500244140625,1177.2371826171875
2,1063,0.5408421158790588,0.5883728265762329,1144.81005859375,1162.103515625
2,1068,0.7587950825691223,0.7510286569595337,1224.1099853515625,1221.2843017578125
2,1073,0.7304309606552124,0.6291748285293579,1213.7900390625,1176.948974609375
2,1074,0.4865325391292572,0.4350435435771942,1125.050048828125,1106.316162109375
2,1080,0.6047713160514832,0.6419627666473389,1168.0699462890625,1181.6016845703125
2,1087,0.4890611171722412,0.5974389314651489,1125.969970703125,1165.4022216796875
2,1101,0.9362082481384277,0.7639299631118774,1288.659912109375,1225.978271484375
2,1102,0.782404363155365,0.7283143997192383,1232.699951171875,1213.0198974609375
2,1117,0.6006211638450623,0.5739256143569946,1166.5599365234375,1156.8470458984375
2,1142,0.5435081124305725,0.5347785949707031,1145.780029296875,1142.603759765625
2,1146,0.7006651163101196,0.6520577669143677,1202.9599609375,1185.274658203125
2,1160,0.7318326830863953,0.7001643180847168,1214.2999267578125,1202.7777099609375
2,1163,0.6707618832588196,0.684929370880127,1192.080078125,1197.234619140625
2,1164,0.6347020864486694,0.7120606899261475,1178.9599609375,1207.1060791015625
2,1172,0.6706793904304504,0.6822890043258667,1192.050048828125,1196.2740478515625
2,1185,0.687637448310852,0.7926174402236938,1198.219970703125,1236.4158935546875
2,1189,0.7718502879142761,0.7371364831924438,1228.8599853515625,1216.229736328125
2,1190,0.7495052814483643,0.6840819120407104,1220.72998046875,1196.9263916015625
2,1196,0.767480194568634,0.6463713645935059,1227.27001953125,1183.2056884765625
2,1197,0.7860872745513916,0.747611403465271,1234.0399169921875,1220.0408935546875
2,1200,0.6225538849830627,0.6666890382766724,1174.5400390625,1190.59814453125
2,1204,0.5633520483970642,0.635024905204773,1153.0,1179.0775146484375
2,1205,0.7298538088798523,0.7749924659729004,1213.5799560546875,1230.003173828125
2,1216,0.7537104487419128,0.8487062454223633,1222.260009765625,1256.8232421875
2,1221,0.7515391111373901,0.7276358604431152,1221.469970703125,1212.77294921875
2,1222,0.6651824712753296,0.7223854064941406,1190.050048828125,1210.8626708984375
2,1223,0.6063379645347595,0.7258236408233643,1168.6400146484375,1212.1136474609375
2,1225,0.8063159584999084,0.7621603012084961,1241.4000244140625,1225.3343505859375
2,1229,0.6880221962928772,0.7060647010803223,1198.3599853515625,1204.924560546875
2,1235,0.6733179688453674,0.6603819131851196,1193.010009765625,1188.3033447265625
2,1247,0.7506871223449707,0.7723368406295776,1221.159912109375,1229.0369873046875
2,1258,0.6439368724822998,0.7333210706710815,1182.3199462890625,1214.841552734375
2,1265,0.5612082481384277,0.6681033372879028,1152.219970703125,1191.1126708984375
2,1278,0.8277264833450317,0.8297744989395142,1249.1900634765625,1249.9351806640625
2,1280,0.757558286190033,0.8582444190979004,1223.6600341796875,1260.2935791015625
2,1285,0.803017795085907,0.8254498243331909,1240.199951171875,1248.3616943359375
2,1293,0.7827616333961487,0.8699572086334229,1232.830078125,1264.55517578125
2,1298,0.7805353999137878,0.7836971282958984,1232.02001953125,1233.1702880859375
2,1301,0.8569700717926025,0.8944003582000732,1259.8299560546875,1273.4486083984375
2,1304,0.9933212399482727,0.8676729202270508,1309.4400634765625,1263.72412109375
2,1307,0.821652352809906,0.86667799949646,1246.97998046875,1263.362060546875
2,1310,0.8018359541893005,0.7527239322662354,1239.77001953125,1221.9010009765625
2,1312,0.6744447946548462,0.7665935754776001,1193.4200439453125,1226.9473876953125
2,1314,0.6756266355514526,0.6823960542678833,1193.8499755859375,1196.31298828125
2,1324,0.7213885188102722,0.6410212516784668,1210.5,1181.2591552734375
2,1325,0.7236972451210022,0.6025863885879517,1211.340087890625,1167.2750244140625
2,1333,0.7158366441726685,0.6971832513809204,1208.47998046875,1201.693115234375
2,1334,0.5955640077590942,0.6875269412994385,1164.719970703125,1198.1798095703125
2,1353,0.6574867963790894,0.6227279901504517,1187.25,1174.6033935546875
2,1355,0.6466029286384583,0.7472068071365356,1183.2900390625,1219.8936767578125
2,1356,0.5544744729995728,0.5788599252700806,1149.77001953125,1158.6424560546875
2,1360,0.7419469952583313,0.6407008171081543,1217.97998046875,1181.142578125
2,1373,0.5180023908615112,0.6237192153930664,1136.5,1174.9639892578125
2,1381,0.4978561997413635,0.6218262910842896,1129.1700439453125,1174.2752685546875
2,1394,0.8832178711891174,0.794805645942688,1269.3800048828125,1237.2120361328125
2,1404,0.7191348075866699,0.7408729791641235,1209.679931640625,1217.5892333984375
2,1406,0.8385279178619385,0.8930891752243042,1253.1199951171875,1272.9715576171875
2,1414,0.65201735496521,0.6000504493713379,1185.260009765625,1166.352294921875
2,1417,0.36024075746536255,0.43089666962623596,1079.0999755859375,1104.8074951171875
2,1427,0.5720921158790588,0.563992977142334,1156.1800537109375,1153.233154296875
2,1428,0.43942391872406006,0.486287385225296,1107.9100341796875,1124.9608154296875
2,1429,0.5112411975860596,0.49042439460754395,1134.0399169921875,1126.4659423828125
2,1442,0.5712401270866394,0.5625243186950684,1155.8699951171875,1152.6988525390625
2,1446,0.5607959628105164,0.6231744289398193,1152.0699462890625,1174.7657470703125
2,1452,0.6404463648796082,0.7064414024353027,1181.050048828125,1205.0616455078125
2,1453,0.7523362040519714,0.6263096332550049,1221.760009765625,1175.906494140625
2,1456,0.7098724842071533,0.5440493822097778,1206.3099365234375,1145.9769287109375
2,1465,0.5821239948272705,0.5421501398086548,1159.8299560546875,1145.285888671875
2,1469,0.5893799662590027,0.6123895645141602,1162.469970703125,1170.841796875
2,1470,0.660345196723938,0.609329342842102,1188.2900390625,1169.7283935546875
2,1483,0.6010884046554565,0.6232419013977051,1166.72998046875,1174.790283203125
2,1487,0.5915237665176392,0.5059446096420288,1163.25,1132.1129150390625
2,1488,0.7685246467590332,0.5967787504196167,1227.6500244140625,1165.1619873046875
2,1489,0.6017755270004272,0.5312313437461853,1166.97998046875,1141.313232421875
2,1494,0.5723394751548767,0.62469482421875,1156.27001953125,1175.3189697265625
2,1501,0.7959268093109131,0.6906826496124268,1237.6199951171875,1199.327880859375
2,1507,0.7685796022415161,0.7817385196685791,1227.6700439453125,1232.457763671875
2,1510,0.7792436480522156,0.829338788986206,1231.550048828125,1249.776611328125
2,1512,0.6314588785171509,0.7044849395751953,1177.780029296875,1204.3497314453125
2,1514,0.7413973212242126,0.7592306137084961,1217.780029296875,1224.2684326171875
2,1523,0.5156112313270569,0.6253509521484375,1135.6300048828125,1175.5576171875
2,1532,0.9699867963790894,0.8782069683074951,1300.949951171875,1267.5567626953125
2,1539,0.6986587643623352,0.8285921812057495,1202.22998046875,1249.5050048828125
2,1541,0.84702068567276,0.7468377351760864,1256.2100830078125,1219.7593994140625
2,1542,0.730980634689331,0.6521902084350586,1213.989990234375,1185.3228759765625
2,1549,0.6853012442588806,0.7230381965637207,1197.3699951171875,1211.1002197265625
2,1551,0.6113126873970032,0.6777598857879639,1170.4500732421875,1194.6260986328125
2,1555,0.5204210877418518,0.597510576248169,1137.3800048828125,1165.42822265625
2,1558,0.527347207069397,0.6274256706237793,1139.9000244140625,1176.3125
2,1559,0.7699538469314575,0.6922950744628906,1228.1700439453125,1199.91455078125
2,1560,0.6162049174308777,0.6512413024902344,1172.22998046875,1184.9775390625
2,1561,0.8471580743789673,0.6977971792221069,1256.260009765625,1201.91650390625
2,1566,0.6329155564308167,0.6097230911254883,1178.31005859375,1169.87158203125
2,1582,0.7985377907752991,0.7781825065612793,1238.570068359375,1231.1639404296875
2,1592,0.7730321288108826,0.7856458425521851,1229.2900390625,1233.87939453125
2,1619,0.6471526026725769,0.6850893497467041,1183.489990234375,1197.2928466796875
2,1625,0.742963969707489,0.7007057666778564,1218.3499755859375,1202.9747314453125
2,1629,0.7409575581550598,0.6408488750457764,1217.6199951171875,1181.1964111328125
2,1632,0.6591084003448486,0.7122563123703003,1187.8399658203125,1207.1773681640625
2,1641,0.5123406052589417,0.5616915225982666,1134.4400634765625,1152.395751953125
2,1644,0.5762972831726074,0.6447126865386963,1157.7099609375,1182.6021728515625
2,1645,0.6345921158790588,0.6634019613265991,1178.9200439453125,1189.4022216796875
2,1654,0.5878133177757263,0.5867491960525513,1161.9000244140625,1161.5128173828125
2,1655,0.5138522386550903,0.6162590980529785,1134.989990234375,1172.2496337890625
2,1659,0.4578661024570465,0.5885734558105469,1114.6199951171875,1162.176513671875
2,1661,0.5762423276901245,0.5959244966506958,1157.6900634765625,1164.8511962890625
2,1665,0.6110377907752991,0.611346960067749,1170.3499755859375,1170.46240234375
2,1672,0.5543920397758484,0.5887998342514038,1149.739990234375,1162.2589111328125
2,1681,0.5041226744651794,0.5765644311904907,1131.449951171875,1157.8072509765625
2,1683,0.5738511681556702,0.5918008089065552,1156.820068359375,1163.350830078125
2,1691,0.5754177570343018,0.5791047811508179,1157.3900146484375,1158.7314453125
2,1693,0.5264402031898499,0.6016731262207031,1139.570068359375,1166.9427490234375
2,1698,0.5833607912063599,0.5957932472229004,1160.280029296875,1164.8033447265625
2,1703,0.6992359161376953,0.5661022663116455,1202.43994140625,1154.0006103515625
2,1704,0.5883905291557312,0.5913704633712769,1162.1099853515625,1163.1942138671875
2,1706,0.6504507660865784,0.6648534536361694,1184.6900634765625,1189.9302978515625
2,1710,0.6738401651382446,0.7171995639801025,1193.199951171875,1208.975830078125
2,1713,0.6369283199310303,0.6460357904434204,1179.77001953125,1183.0836181640625
2,1720,0.6030398011207581,0.7176152467727661,1167.4400634765625,1209.127197265625
2,1726,0.7007750868797302,0.6765528917312622,1203.0,1194.18701171875
2,1729,0.6172493696212769,0.7907319068908691,1172.6099853515625,1235.7298583984375
2,1730,0.8024955987930298,0.7857513427734375,1240.010009765625,1233.917724609375
2,1731,0.7348009943962097,0.8047060966491699,1215.3800048828125,1240.814208984375
2,1735,0.6443216800689697,0.6584367752075195,1182.4599609375,1187.5955810546875
2,1743,0.545019805431366,0.609605073928833,1146.3299560546875,1169.82861328125
2,1748,0.7295789122581482,0.674690842628479,1213.47998046875,1193.509521484375
2,1751,0.5798153281211853,0.5159314870834351,1158.989990234375,1135.7464599609375
2,1752,0.41633686423301697,0.4949020445346832,1099.510009765625,1128.09521484375
2,1755,0.6377253532409668,0.7722856998443604,1180.0599365234375,1229.0184326171875
2,1760,0.6425626873970032,0.687865138053894,1181.820068359375,1198.3028564453125
2,1764,0.46347296237945557,0.5505855083465576,1116.6600341796875,1148.35498046875
2,1766,0.7293315529823303,0.6547925472259521,1213.3900146484375,1186.2696533203125
2,1768,0.5200362801551819,0.5627726316452026,1137.239990234375,1152.7891845703125
2,1773,0.5413918495178223,0.6087045669555664,1145.010009765625,1169.5009765625
2,1780,0.5782486796379089,0.5651440620422363,1158.419921875,1153.6519775390625
2,1786,0.5310301184654236,0.5665124654769897,1141.239990234375,1154.14990234375
2,1800,0.8297877907752991,0.7979766130447388,1249.9400634765625,1238.3658447265625
2,1801,0.6739500761032104,0.6969558000564575,1193.239990234375,1201.6103515625
2,1803,0.812692403793335,0.680543065071106,1243.719970703125,1195.6387939453125
2,1806,0.5544195175170898,0.49315527081489563,1149.75,1127.4595947265625
2,1807,0.5032432079315186,0.3917390704154968,1131.1300048828125,1090.560302734375
2,1811,0.7428814768791199,0.6822942495346069,1218.3199462890625,1196.2760009765625
2,1812,0.5300132036209106,0.5681777000427246,1140.8699951171875,1154.7557373046875
2,1814,0.7730870842933655,0.6438460350036621,1229.31005859375,1182.286865234375
2,1816,0.6337676048278809,0.6208018064498901,1178.6199951171875,1173.902587890625
2,1821,0.610075831413269,0.6804258823394775,1170.0,1195.5960693359375
3,0,0.7785290479660034,0.7558749318122864,1231.2900390625,1223.047607421875
3,2,0.7608289122581482,0.755365788936615,1224.8499755859375,1222.8623046875
3,3,0.8206629157066345,0.8474986553192139,1246.6199951171875,1256.3839111328125
3,5,0.7286169528961182,0.7531003952026367,1213.1300048828125,1222.0379638671875
3,6,0.8001593947410583,0.7704942226409912,1239.1600341796875,1228.3665771484375
3,7,0.8881101608276367,0.7744885087013245,1271.159912109375,1229.8199462890625
3,12,0.8057662844657898,0.8742762804031372,1241.199951171875,1266.126708984375
3,24,0.8533421158790588,0.857007622718811,1258.510009765625,1259.8436279296875
3,25,0.8176671266555786,0.8596635460853577,1245.530029296875,1260.81005859375
3,27,0.8506486415863037,0.8729281425476074,1257.5299072265625,1265.6361083984375
3,33,0.7537104487419128,0.8232012391090393,1222.260009765625,1247.5435791015625
3,39,0.8759344816207886,0.8859769105911255,1266.72998046875,1270.3837890625
3,41,0.8122251629829407,0.8358069062232971,1243.550048828125,1252.1300048828125
3,42,0.7507970333099365,0.8191699981689453,1221.199951171875,1246.0767822265625
3,45,0.8194810748100281,0.8985925912857056,1246.18994140625,1274.973876953125
3,47,0.9257366061210632,0.8776323795318604,1284.8499755859375,1267.3477783203125
3,52,0.8422658443450928,0.836732029914856,1254.47998046875,1252.466552734375
3,55,0.8878628015518188,0.8597385883331299,1271.0699462890625,1260.8372802734375
3,60,0.8328935503959656,0.8075960874557495,1251.0699462890625,1241.86572265625
3,66,0.8884949684143066,0.8476061820983887,1271.2999267578125,1256.4229736328125
3,68,0.7559916377067566,0.8162906765937805,1223.0899658203125,1245.0291748046875
3,72,0.7538203597068787,0.8248957395553589,1222.2999267578125,1248.1600341796875
3,74,0.8576846718788147,0.7991675138473511,1260.0899658203125,1238.799072265625
3,77,0.770805835723877,0.8137432336807251,1228.47998046875,1244.102294921875
3,80,0.598807156085968,0.6733121275901794,1165.9000244140625,1193.0078125
3,82,0.6523197293281555,0.6694419384002686,1185.3699951171875,1191.5997314453125
3,85,0.6033421158790588,0.7010273337364197,1167.550048828125,1203.091796875
3,88,0.8942942023277283,0.7652726173400879,1273.4100341796875,1226.466796875
3,92,0.8032651543617249,0.7876655459403992,1240.2900390625,1234.6142578125
3,94,0.7617359161376953,0.7975425720214844,1225.179931640625,1238.2078857421875
3,96,0.6201077103614807,0.6676434278488159,1173.6500244140625,1190.9454345703125
3,97,0.8030452728271484,0.786045253276825,1240.2099609375,1234.024658203125
3,102,0.7498350739479065,0.7710798382759094,1220.8499755859375,1228.5797119140625
3,106,0.7706684470176697,0.7680671215057373,1228.429931640625,1227.4835205078125
3,110,0.8253078460693359,0.7980239391326904,1248.3099365234375,1238.3829345703125
3,117,0.5623900890350342,0.6276777982711792,1152.6500244140625,1176.404296875
3,120,0.6124669909477234,0.6926705837249756,1170.8699951171875,1200.05126953125
3,125,0.6146658062934875,0.6082282662391663,1171.6700439453125,1169.3277587890625
3,131,0.6751044392585754,0.6203500032424927,1193.6600341796875,1173.7381591796875
3,132,0.6541611552238464,0.6517428159713745,1186.0399169921875,1185.16015625
3,136,0.5834707617759705,0.5950527191162109,1160.3199462890625,1164.533935546875
3,137,0.6128517985343933,0.632662832736969,1171.010009765625,1178.218017578125
3,138,0.6390721201896667,0.6468436121940613,1180.5499267578125,1183.3775634765625
3,139,0.5471085906028748,0.6108149290084839,1147.0899658203125,1170.2689208984375
3,142,0.6333553194999695,0.6267417669296265,1178.469970703125,1176.063720703125
3,144,0.6000439524650574,0.6394237279891968,1166.3499755859375,1180.677978515625
3,156,0.624862551689148,0.7344061732292175,1175.3800048828125,1215.236328125
3,164,0.7420844435691833,0.7272839546203613,1218.030029296875,1212.6448974609375
3,165,0.7550022006034851,0.7971410751342773,1222.72998046875,1238.061767578125
3,167,0.8191787600517273,0.7762834429740906,1246.0799560546875,1230.472900390625
3,171,0.8303924798965454,0.8197848796844482,1250.1600341796875,1246.300537109375
3,178,0.720866322517395,0.699967622756958,1210.31005859375,1202.7061767578125
3,183,0.6545459628105164,0.7080351114273071,1186.179931640625,1205.6414794921875
3,193,0.6055958867073059,0.6680951118469238,1168.3699951171875,1191.1097412109375
3,194,0.6818381547927856,0.6680712699890137,1196.1099853515625,1191.1009521484375
3,204,0.6519074440002441,0.6222707629203796,1185.219970703125,1174.43701171875
3,211,0.5841029286384583,0.5976054072380066,1160.550048828125,1165.4627685546875
3,213,0.34814754128456116,0.4456690549850464,1074.699951171875,1110.1822509765625
3,215,0.4932662844657898,0.4926522970199585,1127.5,1127.276611328125
3,222,0.530425488948822,0.658145010471344,1141.02001953125,1187.489501953125
3,224,0.5783036351203918,0.5851205587387085,1158.4400634765625,1160.9202880859375
3,227,0.503078281879425,0.5341110825538635,1131.070068359375,1142.3609619140625
3,228,0.41221415996551514,0.48218417167663574,1098.010009765625,1123.4678955078125
3,232,0.6522372364997864,0.6427172422409058,1185.3399658203125,1181.876220703125
3,235,0.5328441262245178,0.6471614241600037,1141.9000244140625,1183.4931640625
3,238,0.3950362801551819,0.47124171257019043,1091.760009765625,1119.486572265625
3,242,0.46319809556007385,0.46812307834625244,1116.5599365234375,1118.3519287109375
3,248,0.45324867963790894,0.5603755712509155,1112.93994140625,1151.9169921875
3,249,0.22202067077159882,0.4001023471355438,1028.81005859375,1093.6031494140625
3,256,0.3706849217414856,0.4047276973724365,1082.9000244140625,1095.2861328125
3,258,0.5098669528961182,0.5421244502067566,1133.5399169921875,1145.2764892578125
3,260,0.4040237367153168,0.35651296377182007,1095.030029296875,1077.74365234375
3,267,0.3981420397758484,0.37241095304489136,1092.8900146484375,1083.5279541015625
3,272,0.480760782957077,0.39423972368240356,1122.949951171875,1091.47021484375
3,273,0.45871812105178833,0.30358123779296875,1114.9300537109375,1058.4849853515625
3,280,0.07503297924995422,0.15742506086826324,975.3300170898438,1005.3075561523438
3,281,0.17502199113368988,0.2554515302181244,1011.7100219726562,1040.9735107421875
3,290,0.38148635625839233,0.4666379690170288,1086.8299560546875,1117.8115234375
3,294,0.6027100086212158,0.5824751853942871,1167.3199462890625,1159.957763671875
3,299,0.5018964409828186,0.5360670685768127,1130.6400146484375,1143.0726318359375
3,302,0.5132200717926025,0.48719459772109985,1134.760009765625,1125.2908935546875
3,311,0.5148691534996033,0.484273761510849,1135.3599853515625,1124.2281494140625
3,314,0.369750440120697,0.42958173155784607,1082.5599365234375,1104.3289794921875
3,318,0.35886654257774353,0.4276302456855774,1078.5999755859375,1103.6190185546875
3,319,0.5216578841209412,0.4319290518760681,1137.8299560546875,1105.18310546875
3,321,0.636461079120636,0.5689330697059631,1179.5999755859375,1155.0306396484375
3,325,0.5405123233795166,0.4800700545310974,1144.68994140625,1122.69873046875
3,328,0.6151605248451233,0.6094948053359985,1171.8499755859375,1169.78857421875
3,333,0.6504782438278198,0.6752136945724487,1184.699951171875,1193.69970703125
3,336,0.49881815910339355,0.418021559715271,1129.52001953125,1100.1229248046875
3,348,0.6468502879142761,0.6207815408706665,1183.3800048828125,1173.8951416015625
3,349,0.37813323736190796,0.48727601766586304,1085.6099853515625,1125.3204345703125
3,359,0.5079430341720581,0.5388097763061523,1132.8399658203125,1144.070556640625
3,362,0.6234608888626099,0.6090252995491028,1174.8699951171875,1169.6177978515625
3,364,0.53355872631073,0.6531747579574585,1142.1600341796875,1185.68115234375
3,368,0.4600648581981659,0.44903749227523804,1115.419921875,1111.4078369140625
3,375,0.68326735496521,0.6159104108810425,1196.6300048828125,1172.122802734375
3,376,0.5531827211380005,0.6030621528625488,1149.300048828125,1167.4481201171875
3,388,0.5993018746376038,0.5804616808891296,1166.080078125,1159.2252197265625
3,390,0.6288478374481201,0.7143949270248413,1176.8299560546875,1207.9554443359375
3,393,0.5132200717926025,0.6484069228172302,1134.760009765625,1183.9464111328125
3,404,0.5759674310684204,0.5265038013458252,1157.5899658203125,1139.5931396484375
3,409,0.6054584383964539,0.7023316025733948,1168.3199462890625,1203.56640625
3,419,0.5225098729133606,0.5538715124130249,1138.1400146484375,1149.5506591796875
3,421,0.4413753151893616,0.5573145151138306,1108.6199951171875,1150.8033447265625
3,424,0.47798481583595276,0.5960679054260254,1121.93994140625,1164.9033203125
3,434,0.4796888828277588,0.5883897542953491,1122.5599365234375,1162.1097412109375
3,436,0.5536499619483948,0.6042248010635376,1149.469970703125,1167.8712158203125
3,440,0.724961519241333,0.803193211555481,1211.7999267578125,1240.2637939453125
3,442,0.759344756603241,0.6958099603652954,1224.3099365234375,1201.1934814453125
3,445,0.6422603130340576,0.6925292611122131,1181.7099609375,1199.9998779296875
3,446,0.7890831232070923,0.842420220375061,1235.1300048828125,1254.5361328125
3,447,0.7472240328788757,0.8219113349914551,1219.9000244140625,1247.07421875
3,448,0.7438709139823914,0.8319622278213501,1218.679931640625,1250.731201171875
3,458,0.6934916377067566,0.6881872415542603,1200.3499755859375,1198.4200439453125
3,465,0.6867304444313049,0.7784154415130615,1197.8900146484375,1231.2486572265625
3,467,0.6232684850692749,0.6144986748695374,1174.800048828125,1171.6092529296875
3,477,0.6070525646209717,0.7581931352615356,1168.9000244140625,1223.8909912109375
3,503,0.729386568069458,0.7038881778717041,1213.409912109375,1204.1326904296875
3,505,0.5091248750686646,0.5323437452316284,1133.27001953125,1141.7178955078125
3,507,0.40207234025001526,0.5338274836540222,1094.3199462890625,1142.2578125
3,519,0.5220426321029663,0.5430589914321899,1137.969970703125,1145.6165771484375
3,523,0.44299691915512085,0.5713320970535278,1109.2099609375,1155.9034423828125
3,525,0.6588885188102722,0.7427085041999817,1187.760009765625,1218.257080078125
3,531,0.45352351665496826,0.5073499083518982,1113.0400390625,1132.6241455078125
3,533,0.5131376385688782,0.5710326433181763,1134.72998046875,1155.7945556640625
3,536,0.5532101988792419,0.6982436180114746,1149.3099365234375,1202.0789794921875
3,541,0.510444164276123,0.5461368560791016,1133.75,1146.7364501953125
3,542,0.49224933981895447,0.5726182460784912,1127.1300048828125,1156.371337890625
3,545,0.5575527548789978,0.6842659115791321,1150.8900146484375,1196.9932861328125
3,547,0.6859058737754822,0.7668823599815369,1197.5899658203125,1227.052490234375
3,549,0.5590094327926636,0.6469540596008301,1151.4200439453125,1183.417724609375
3,553,0.5318271517753601,0.5980173349380493,1141.530029296875,1165.6126708984375
3,558,0.8606255650520325,0.8832807540893555,1261.1600341796875,1269.40283203125
3,571,0.7518964409828186,0.6727673411369324,1221.5999755859375,1192.8096923828125
3,572,0.6942337155342102,0.6766684651374817,1200.6199951171875,1194.2291259765625
3,573,0.5377088785171509,0.6374790072441101,1143.6700439453125,1179.9703369140625
3,578,0.8141216039657593,0.7014830112457275,1244.239990234375,1203.257568359375
3,579,0.7504672408103943,0.7195740342140198,1221.0799560546875,1209.83984375
3,581,0.7827891111373901,0.6455230712890625,1232.8399658203125,1182.8970947265625
3,594,0.6437720060348511,0.5977873802185059,1182.260009765625,1165.5289306640625
3,603,0.568574070930481,0.591218113899231,1154.9000244140625,1163.1387939453125
3,605,0.5821789503097534,0.6218022704124451,1159.8499755859375,1174.2664794921875
3,615,0.3844272196292877,0.5580388307571411,1087.9000244140625,1151.06689453125
3,622,0.690440833568573,0.6928974390029907,1199.239990234375,1200.1337890625
3,624,0.7006651163101196,0.7856688499450684,1202.9599609375,1233.8876953125
3,630,0.5863291621208191,0.6100766658782959,1161.3599853515625,1170.000244140625
3,636,0.604249119758606,0.6790599822998047,1167.8800048828125,1195.09912109375
3,638,0.6794469952583313,0.6478967666625977,1195.239990234375,1183.7607421875
3,644,0.701077401638031,0.6553000211715698,1203.1099853515625,1186.454345703125
3,649,0.6174142360687256,0.6649160385131836,1172.669921875,1189.9530029296875
3,661,0.5841578841209412,0.6318669319152832,1160.5699462890625,1177.928466796875
3,664,0.748021125793457,0.6156847476959229,1220.18994140625,1172.0406494140625
3,665,0.7369447946548462,0.6436489820480347,1216.1600341796875,1182.2152099609375
3,666,0.6673262715339661,0.6813281178474426,1190.830078125,1195.9244384765625
3,668,0.8430079221725464,0.7756471633911133,1254.75,1230.241455078125
3,672,0.6251649260520935,0.5849724411964417,1175.489990234375,1160.866455078125
3,673,0.5629397630691528,0.6331274509429932,1152.8499755859375,1178.3870849609375
3,676,0.679172158241272,0.6436654329299927,1195.1400146484375,1182.22119140625
3,691,0.663615882396698,0.6073171496391296,1189.47998046875,1168.9962158203125
3,695,0.6026824712753296,0.5797529816627502,1167.3099365234375,1158.9674072265625
3,714,0.7265556454658508,0.7014960050582886,1212.3800048828125,1203.2623291015625
3,716,0.49491533637046814,0.5949024558067322,1128.0999755859375,1164.479248046875
3,718,0.4360707998275757,0.4849604070186615,1106.6900634765625,1124.47802734375
3,723,0.7451627254486084,0.6715501546859741,1219.1500244140625,1192.3668212890625
3,724,0.5701956748962402,0.5417695641517639,1155.489990234375,1145.1474609375
3,737,0.45973503589630127,0.5123496055603027,1115.300048828125,1134.4432373046875
3,762,0.639401912689209,0.5961939692497253,1180.669921875,1164.94921875
3,764,0.4886763393878937,0.4868520200252533,1125.830078125,1125.166259765625
3,770,0.6744722723960876,0.7331249713897705,1193.429931640625,1214.7701416015625
3,778,0.769651472568512,0.706989049911499,1228.06005859375,1205.2608642578125
3,786,0.6318436861038208,0.70743727684021,1177.9200439453125,1205.4239501953125
3,787,0.5859718322753906,0.7614810466766357,1161.22998046875,1225.0872802734375
3,788,0.5193491578102112,0.6546063423156738,1136.989990234375,1186.201904296875
3,793,0.5463665127754211,0.7018213272094727,1146.820068359375,1203.380615234375
3,796,0.6401439905166626,0.7794077396392822,1180.93994140625,1231.609619140625
3,803,0.7017645239830017,0.7051303386688232,1203.3599853515625,1204.5845947265625
3,811,0.68980872631073,0.7048624753952026,1199.010009765625,1204.4871826171875
3,812,0.7365875244140625,0.7750000953674316,1216.0299072265625,1230.0059814453125
3,829,0.49123239517211914,0.5635814070701599,1126.760009765625,1153.08349609375
3,842,0.48840150237083435,0.5491212606430054,1125.72998046875,1147.822265625
3,845,0.4647372364997864,0.5470677614212036,1117.1199951171875,1147.0751953125
3,846,0.5913038849830627,0.6430908441543579,1163.1700439453125,1182.01220703125
3,847,0.5274845957756042,0.5460077524185181,1139.949951171875,1146.689453125
3,849,0.39748239517211914,0.5303098559379578,1092.64990234375,1140.9779052734375
3,858,0.5901220440864563,0.5648212432861328,1162.739990234375,1153.5345458984375
3,865,0.616672158241272,0.6763341426849365,1172.4000244140625,1194.107421875
3,873,0.7705309987068176,0.7193149328231812,1228.3800048828125,1209.74560546875
3,889,0.7321075201034546,0.7015469074249268,1214.4000244140625,1203.28076171875
3,893,0.8400120735168457,0.7457206845283508,1253.659912109375,1219.35302734375
3,899,0.6569920778274536,0.6991726160049438,1187.0699462890625,1202.4169921875
3,900,0.8235487937927246,0.7605981826782227,1247.669921875,1224.7659912109375
3,905,0.7747086882591248,0.7738367915153503,1229.9000244140625,1229.582763671875
3,915,0.7221031188964844,0.6420279145240784,1210.760009765625,1181.62548828125
3,918,0.670651912689209,0.7566756010055542,1192.0399169921875,1223.3388671875
3,921,0.6962676048278809,0.6251159906387329,1201.3599853515625,1175.47216796875
3,922,0.7481310367584229,0.7482043504714966,1220.22998046875,1220.2567138671875
3,923,0.6326956748962402,0.5863620042800903,1178.22998046875,1161.3719482421875
3,930,0.7520613670349121,0.7147430777549744,1221.659912109375,1208.0821533203125
3,940,0.6081793904304504,0.5470450520515442,1169.31005859375,1147.06689453125
3,943,0.6143909692764282,0.5671103000640869,1171.570068359375,1154.367431640625
3,944,0.5840204358100891,0.575088381767273,1160.52001953125,1157.2701416015625
3,946,0.5845426321029663,0.6252893209457397,1160.7099609375,1175.5352783203125
3,952,0.5785784721374512,0.6408240795135498,1158.5399169921875,1181.1873779296875
3,962,0.4246097207069397,0.5707688331604004,1102.52001953125,1155.698486328125
3,973,0.7223779559135437,0.6911267042160034,1210.8599853515625,1199.489501953125
3,974,0.5377363562583923,0.5927351713180542,1143.679931640625,1163.6907958984375
3,983,0.730403482913971,0.7391864061355591,1213.780029296875,1216.9755859375
3,985,0.6453385949134827,0.6585209965705872,1182.830078125,1187.6263427734375
3,989,0.7326022386550903,0.7132065296173096,1214.5799560546875,1207.5230712890625
3,993,0.7008575201034546,0.770047664642334,1203.030029296875,1228.2041015625
3,1001,0.7804529666900635,0.8090862035751343,1231.989990234375,1242.407958984375
3,1013,0.5289687514305115,0.6067428588867188,1140.489990234375,1168.7872314453125
3,1018,0.389731764793396,0.49989962577819824,1089.8299560546875,1129.9134521484375
3,1023,0.5670349597930908,0.6660659313201904,1154.3399658203125,1190.371337890625
3,1026,0.7327671647071838,0.6364887952804565,1214.6400146484375,1179.610107421875
3,1034,0.8059586882591248,0.7036739587783813,1241.27001953125,1204.0546875
3,1037,0.6451187133789062,0.6558743119239807,1182.75,1186.663330078125
3,1041,0.5391655564308167,0.5517662763595581,1144.2000732421875,1148.78466796875
3,1046,0.5949867963790894,0.6251355409622192,1164.510009765625,1175.4793701171875
3,1052,0.7003078460693359,0.6645405292510986,1202.8299560546875,1189.81640625
3,1053,0.6058432459831238,0.6264218091964722,1168.4599609375,1175.947265625
3,1057,0.5557937622070312,0.6152694225311279,1150.25,1171.8896484375
3,1067,0.6724384427070618,0.6961045861244202,1192.6900634765625,1201.3006591796875
3,1075,0.46861258149147034,0.5145751237869263,1118.530029296875,1135.2530517578125
3,1083,0.6549857258796692,0.6506193280220032,1186.340087890625,1184.7513427734375
3,1089,0.5105265974998474,0.5877989530563354,1133.780029296875,1161.894775390625
3,1090,0.6131541132926941,0.6229091882705688,1171.1199951171875,1174.6693115234375
3,1094,0.7273526787757874,0.6996123194694519,1212.6700439453125,1202.576904296875
3,1103,0.6939588785171509,0.7163020968437195,1200.52001953125,1208.6492919921875
3,1106,0.6448438763618469,0.7214870452880859,1182.6500244140625,1210.5357666015625
3,1108,0.6713390350341797,0.5987886190414429,1192.2899169921875,1165.893310546875
3,1110,0.599769115447998,0.6729009747505188,1166.25,1192.8582763671875
3,1111,0.6355265974998474,0.7184028625488281,1179.260009765625,1209.4136962890625
3,1112,0.6237082481384277,0.6519442200660706,1174.9599609375,1185.2333984375
3,1113,0.5721195936203003,0.6415531635284424,1156.18994140625,1181.45263671875
3,1114,0.7015995979309082,0.7112863063812256,1203.2999267578125,1206.8243408203125
3,1116,0.6468502879142761,0.6617297530174255,1183.3800048828125,1188.793701171875
3,1118,0.5875659584999084,0.518042802810669,1161.81005859375,1136.5146484375
3,1134,0.5003848075866699,0.5554210543632507,1130.0899658203125,1150.1143798828125
3,1145,0.7003353238105774,0.5648421049118042,1202.840087890625,1153.5421142578125
3,1151,0.4701792001724243,0.5703537464141846,1119.0999755859375,1155.5474853515625
3,1169,0.6322559118270874,0.6852679252624512,1178.0699462890625,1197.3577880859375
3,1176,0.7672603130340576,0.6632402539253235,1227.18994140625,1189.3433837890625
3,1177,0.5334762334823608,0.6406024098396301,1142.1300048828125,1181.1068115234375
3,1178,0.7993074059486389,0.7924134731292725,1238.8499755859375,1236.3416748046875
3,1187,0.595536470413208,0.6830425262451172,1164.7099609375,1196.548095703125
3,1193,0.7103946805000305,0.6699594259262085,1206.5,1191.7880859375
3,1198,0.6538588404655457,0.6424098014831543,1185.929931640625,1181.764404296875
3,1201,0.6790897250175476,0.6357830166816711,1195.1099853515625,1179.353271484375
3,1202,0.6878297924995422,0.6788750886917114,1198.2900390625,1195.0318603515625
3,1214,0.7668755650520325,0.7116842269897461,1227.050048828125,1206.9691162109375
3,1220,0.5430958867073059,0.6441092491149902,1145.6300048828125,1182.3826904296875
3,1226,0.6673538088798523,0.6629691123962402,1190.8399658203125,1189.24462890625
3,1236,0.5309751629829407,0.6626780033111572,1141.219970703125,1189.138671875
3,1239,0.6156277656555176,0.6664202213287354,1172.02001953125,1190.500244140625
3,1242,0.5461191534996033,0.7005785703659058,1146.72998046875,1202.928466796875
3,1252,0.5474109649658203,0.6197603940963745,1147.199951171875,1173.523681640625
3,1253,0.6754617691040039,0.6376538276672363,1193.7899169921875,1180.033935546875
3,1255,0.5774516463279724,0.6510463356971741,1158.1300048828125,1184.90673828125
3,1270,0.7786389589309692,0.7409334182739258,1231.3299560546875,1217.6112060546875
3,1272,0.7938104867935181,0.833345890045166,1236.8499755859375,1251.2344970703125
3,1283,0.6149955987930298,0.5191212296485901,1171.7900390625,1136.9071044921875
3,1286,0.9829595685005188,0.9039437770843506,1305.6700439453125,1276.9208984375
3,1287,0.9019898772239685,0.7966874837875366,1276.2099609375,1237.896728515625
3,1289,0.7106695175170898,0.7893074750900269,1206.5999755859375,1235.211669921875
3,1302,0.7576681971549988,0.7716193199157715,1223.699951171875,1228.77587890625
3,1303,0.9287323951721191,0.8645276427268982,1285.93994140625,1262.5797119140625
3,1305,0.74672931432724,0.7929153442382812,1219.719970703125,1236.5242919921875
3,1313,0.8463335633277893,0.7419838905334473,1255.9600830078125,1217.993408203125
3,1320,0.8041996359825134,0.7011824250221252,1240.6300048828125,1203.148193359375
3,1326,0.6154903173446655,0.5874044299125671,1171.969970703125,1161.751220703125
3,1330,0.7773746848106384,0.6062824726104736,1230.8699951171875,1168.6197509765625
3,1335,0.8502638339996338,0.7873235940933228,1257.3900146484375,1234.4898681640625
3,1338,0.6396768093109131,0.6162849068641663,1180.77001953125,1172.2591552734375
3,1340,0.6330255270004272,0.5792421698570251,1178.3499755859375,1158.781494140625
3,1343,0.6183761954307556,0.6736690998077393,1173.02001953125,1193.1376953125
3,1350,0.6177440881729126,0.6949005126953125,1172.7900390625,1200.862548828125
3,1352,0.6383575201034546,0.6214733719825745,1180.2900390625,1174.1468505859375
3,1361,0.5685465931892395,0.5858348608016968,1154.8900146484375,1161.18017578125
3,1370,0.6072724461555481,0.6144269704818726,1168.97998046875,1171.5831298828125
3,1374,0.7420844435691833,0.7603687644004822,1218.030029296875,1224.6824951171875
3,1375,0.6543535590171814,0.5983661413192749,1186.1099853515625,1165.739501953125
3,1379,0.7243843674659729,0.6679428815841675,1211.590087890625,1191.0543212890625
3,1380,0.71875,0.5950272679328918,1209.5399169921875,1164.5247802734375
3,1386,0.813324511051178,0.7482807040214539,1243.9500732421875,1220.284423828125
3,1389,0.6834597587585449,0.6219768524169922,1196.699951171875,1174.330078125
3,1401,0.6435796022415161,0.670891284942627,1182.1900634765625,1192.1270751953125
3,1407,0.7428539991378784,0.7100472450256348,1218.31005859375,1206.37353515625
3,1416,0.4258190393447876,0.46913957595825195,1102.9599609375,1118.7216796875
3,1422,0.536499559879303,0.6100329160690308,1143.22998046875,1169.984375
3,1432,0.6560850739479065,0.631837785243988,1186.739990234375,1177.9178466796875
3,1435,0.6269239187240601,0.653789758682251,1176.1300048828125,1185.90478515625
3,1441,0.4102902412414551,0.5170823335647583,1097.3099365234375,1136.165283203125
3,1447,0.759152352809906,0.7213244438171387,1224.239990234375,1210.4766845703125
3,1449,0.6739775538444519,0.5831667184829712,1193.25,1160.2093505859375
3,1455,0.4346141219139099,0.6483277678489685,1106.1600341796875,1183.9176025390625
3,1468,0.9131761193275452,0.8094578981399536,1280.280029296875,1242.543212890625
3,1472,0.5890775918960571,0.6924803853034973,1162.3599853515625,1199.9820556640625
3,1474,0.5674197673797607,0.7198869585990906,1154.47998046875,1209.95361328125
3,1477,0.5785235166549683,0.6223611831665039,1158.52001953125,1174.4698486328125
3,1480,0.6620217561721802,0.6564182043075562,1188.9000244140625,1186.8612060546875
3,1481,0.8207178711891174,0.8064817190170288,1246.6400146484375,1241.4603271484375
3,1486,0.6382750868797302,0.7246676683425903,1180.260009765625,1211.693115234375
3,1509,0.5736862421035767,0.6937956809997559,1156.760009765625,1200.4605712890625
3,1517,0.7265556454658508,0.8137522339820862,1212.3800048828125,1244.1055908203125
3,1524,0.8461961150169373,0.7026703953742981,1255.9100341796875,1203.6895751953125
3,1531,0.7452176809310913,0.899847686290741,1219.1700439453125,1275.4305419921875
3,1547,0.6515501141548157,0.7979742288589478,1185.0899658203125,1238.364990234375
3,1548,0.6662269234657288,0.6306294202804565,1190.4300537109375,1177.478271484375
3,1550,0.6499010324478149,0.62957763671875,1184.489990234375,1177.095458984375
3,1552,0.5121207237243652,0.7487109899520874,1134.3599853515625,1220.4410400390625
3,1567,0.6072174310684204,0.7030102014541626,1168.9599609375,1203.813232421875
3,1571,0.7058047652244568,0.6331465840339661,1204.8299560546875,1178.39404296875
3,1574,0.5729716420173645,0.6716568470001221,1156.5,1192.4056396484375
3,1576,0.6484168767929077,0.6651803255081177,1183.949951171875,1190.0491943359375
3,1580,0.651962399482727,0.828681468963623,1185.239990234375,1249.5374755859375
3,1588,0.754287600517273,0.6178860664367676,1222.469970703125,1172.8416748046875
3,1593,0.6962676048278809,0.7337769269943237,1201.3599853515625,1215.0074462890625
3,1594,0.7618458867073059,0.7426614165306091,1225.2200927734375,1218.2398681640625
3,1606,0.62923264503479,0.6835583448410034,1176.969970703125,1196.73583984375
3,1608,0.8110158443450928,0.7090675830841064,1243.1099853515625,1206.01708984375
3,1610,0.6716688871383667,0.7079070210456848,1192.4100341796875,1205.594970703125
3,1613,0.8234388828277588,0.8377003073692322,1247.6300048828125,1252.81884765625
3,1614,0.7722075581550598,0.7338147163391113,1228.989990234375,1215.0211181640625
3,1615,0.7933982014656067,0.7256098985671997,1236.7000732421875,1212.035888671875
3,1634,0.8462235927581787,0.7538198828697205,1255.919921875,1222.2998046875
3,1636,0.6129342317581177,0.6405645608901978,1171.0400390625,1181.093017578125
3,1639,0.6140885949134827,0.5794416069984436,1171.4599609375,1158.85400390625
3,1647,0.5747581124305725,0.6197364330291748,1157.1500244140625,1173.514892578125
3,1648,0.6119998097419739,0.6026257276535034,1170.7000732421875,1167.289306640625
3,1650,0.7249065637588501,0.6264489889144897,1211.780029296875,1175.9571533203125
3,1658,0.567887008190155,0.6206859946250916,1154.6500244140625,1173.8603515625
3,1660,0.6383300423622131,0.6192764043807983,1180.280029296875,1173.3475341796875
3,1668,0.742963969707489,0.748289942741394,1218.3499755859375,1220.287841796875
3,1674,0.5969656705856323,0.5715157389640808,1165.22998046875,1155.97021484375
3,1676,0.6887917518615723,0.5941106081008911,1198.639892578125,1164.191162109375
3,1679,0.7246042490005493,0.705553412437439,1211.6700439453125,1204.738525390625
3,1694,0.5585421919822693,0.6103220582008362,1151.25,1170.089599609375
3,1695,0.5752528309822083,0.6073695421218872,1157.3299560546875,1169.015380859375
3,1696,0.6617743968963623,0.619675874710083,1188.8099365234375,1173.4927978515625
3,1697,0.6358564496040344,0.61369389295578,1179.3800048828125,1171.31640625
3,1701,0.7235872745513916,0.6814663410186768,1211.2999267578125,1195.9747314453125
3,1708,0.6942337155342102,0.6778205037117004,1200.6199951171875,1194.648193359375
3,1721,0.7396107912063599,0.6751351356506348,1217.1300048828125,1193.671142578125
3,1728,0.6661169528961182,0.640351414680481,1190.3900146484375,1181.0155029296875
3,1734,0.8446844816207886,0.8177651166915894,1255.3599853515625,1245.565673828125
3,1739,0.6313489675521851,0.5510334372520447,1177.739990234375,1148.5179443359375
3,1742,0.421943724155426,0.4874795377254486,1101.550048828125,1125.39453125
3,1758,0.8464984893798828,0.7047885060310364,1256.02001953125,1204.4603271484375
3,1762,0.699923038482666,0.599012553691864,1202.68994140625,1165.9747314453125
3,1769,0.6604551672935486,0.6082277894020081,1188.3299560546875,1169.32763671875
3,1771,0.5664302706718445,0.66016685962677,1154.1199951171875,1188.22509765625
3,1772,0.6174967288970947,0.6303556561470032,1172.699951171875,1177.378662109375
3,1774,0.5735213160514832,0.565544843673706,1156.699951171875,1153.7978515625
3,1785,0.6416282057762146,0.6287415027618408,1181.47998046875,1176.791259765625
3,1789,0.7002803683280945,0.7423712611198425,1202.8199462890625,1218.1343994140625
3,1795,0.6658421158790588,0.6029180288314819,1190.2900390625,1167.395751953125
3,1798,0.5754452347755432,0.6370686292648315,1157.4000244140625,1179.821044921875
3,1799,0.6275286078453064,0.6798580884933472,1176.3499755859375,1195.3895263671875
3,1804,0.6020228862762451,0.5722161531448364,1167.0699462890625,1156.22509765625
3,1805,0.6424252390861511,0.5780074596405029,1181.77001953125,1158.3321533203125
3,1818,0.5495822429656982,0.4806261956691742,1147.989990234375,1122.9010009765625
3,1820,0.6572669148445129,0.5576382875442505,1187.1700439453125,1150.921142578125
3,1824,0.49444809556007385,0.5008037090301514,1127.929931640625,1130.242431640625
4,4,0.7748817205429077,0.7950228452682495,1228.0799560546875,1235.359130859375
4,9,0.7707036137580872,0.8489772081375122,1226.5699462890625,1254.8587646484375
4,11,0.8462964296340942,0.8536059856414795,1253.8900146484375,1256.53173828125
4,16,0.6037464141845703,0.7233209609985352,1166.22998046875,1209.4454345703125
4,17,0.9465150237083435,0.9167948961257935,1290.1099853515625,1279.3687744140625
4,19,0.8204808831214905,0.8671373128890991,1244.5599365234375,1261.422119140625
4,22,0.7977919578552246,0.8744341135025024,1236.3599853515625,1264.0592041015625
4,28,0.8085830211639404,0.8379999399185181,1240.260009765625,1250.8914794921875
4,35,0.7360892295837402,0.8038972616195679,1214.06005859375,1238.5665283203125
4,36,0.760576605796814,0.7946933507919312,1222.909912109375,1235.2401123046875
4,38,0.7514457106590271,0.8100241422653198,1219.6099853515625,1240.78076171875
4,46,0.9733820557594299,0.8987444639205933,1299.8199462890625,1272.84521484375
4,50,0.8747406005859375,0.845185399055481,1264.1700439453125,1253.4884033203125
4,57,0.8905121684074402,0.8759653568267822,1269.8699951171875,1264.6126708984375
4,61,0.7284247875213623,0.7955527305603027,1211.2900390625,1235.55078125
4,62,0.8531584739685059,0.8482800722122192,1256.3699951171875,1254.6068115234375
4,75,0.8572258949279785,0.829159140586853,1257.8399658203125,1247.6964111328125
4,79,0.8706731796264648,0.8260705471038818,1262.699951171875,1246.5802001953125
4,89,0.8740211725234985,0.8465818166732788,1263.909912109375,1253.9930419921875
4,90,0.8256551027297974,0.8470531702041626,1246.429931640625,1254.1634521484375
4,93,0.7781744003295898,0.7351177930831909,1229.27001953125,1213.7088623046875
4,104,0.7251874804496765,0.822239875793457,1210.1199951171875,1245.1956787109375
4,108,0.6980437636375427,0.6937865018844604,1200.31005859375,1198.7713623046875
4,114,0.6020585894584656,0.6307133436203003,1165.6199951171875,1175.97607421875
4,116,0.6894385814666748,0.6144999265670776,1197.199951171875,1170.1163330078125
4,119,0.648515522480011,0.598968505859375,1182.4100341796875,1164.503173828125
4,127,0.702968955039978,0.6029762029647827,1202.0899658203125,1165.9515380859375
4,133,0.6242494583129883,0.6683206558227539,1173.6400146484375,1189.5677490234375
4,145,0.6478238105773926,0.7080878019332886,1182.1600341796875,1203.93994140625
4,149,0.7070363163948059,0.6963638067245483,1203.5599365234375,1199.7027587890625
4,153,0.6666666865348816,0.6741279363632202,1188.9700927734375,1191.66650390625
4,154,0.6688802242279053,0.7072180509567261,1189.77001953125,1203.6256103515625
4,157,0.6945850849151611,0.7425998449325562,1199.06005859375,1216.4129638671875
4,159,0.6978777647018433,0.7178772687911987,1200.25,1207.47802734375
4,169,0.8176309466362,0.8328832387924194,1243.530029296875,1249.0423583984375
4,172,0.759110152721405,0.8212051391601562,1222.3800048828125,1244.82177734375
4,176,0.8104092478752136,0.7093633413314819,1240.9200439453125,1204.4010009765625
4,180,0.6015605330467224,0.6512984037399292,1165.4400634765625,1183.415771484375
4,190,0.6523892283439636,0.7398478984832764,1183.81005859375,1215.41845703125
4,191,0.7172186970710754,0.6699265241622925,1207.239990234375,1190.1480712890625
4,217,0.3771339952945709,0.371187299489975,1084.330078125,1082.1807861328125
4,223,0.655349850654602,0.6179404258728027,1184.8800048828125,1171.35986328125
4,234,0.4678066372871399,0.40633055567741394,1117.0999755859375,1094.8819580078125
4,245,0.5966077446937561,0.5122723579406738,1163.6500244140625,1133.17041015625
4,255,0.3735923171043396,0.43195727467536926,1083.050048828125,1104.1436767578125
4,257,0.31105947494506836,0.20534688234329224,1060.4500732421875,1022.244384765625
4,263,0.30749011039733887,0.3298077881336212,1059.1600341796875,1067.225830078125
4,264,0.3609474003314972,0.4365003705024719,1078.47998046875,1105.78564453125
4,268,0.33374837040901184,0.3999958038330078,1068.6500244140625,1092.592529296875
4,278,0.3224315941333771,0.287868857383728,1064.56005859375,1052.068603515625
4,284,0.47868072986602783,0.42546191811561584,1121.030029296875,1101.7962646484375
4,301,0.47970449924468994,0.4591071903705597,1121.4000244140625,1113.9559326171875
4,304,0.3380647897720337,0.40849316120147705,1070.2099609375,1095.6634521484375
4,313,0.41091835498809814,0.42090073227882385,1096.5399169921875,1100.1478271484375
4,320,0.6129879951477051,0.6859719753265381,1169.5699462890625,1195.9471435546875
4,335,0.4959740936756134,0.5454176664352417,1127.280029296875,1145.1494140625
4,338,0.5453639626502991,0.4987929165363312,1145.1300048828125,1128.2987060546875
4,340,0.4725381135940552,0.43127524852752686,1118.8099365234375,1103.8970947265625
4,347,0.6024459600448608,0.49939292669296265,1165.760009765625,1128.515625
4,356,0.4314213693141937,0.4568614959716797,1103.949951171875,1113.144287109375
4,357,0.41008827090263367,0.3783622980117798,1096.239990234375,1084.77392578125
4,369,0.4893887937068939,0.3752591609954834,1124.9000244140625,1083.6524658203125
4,372,0.2901967167854309,0.4838888645172119,1052.9100341796875,1122.9122314453125
4,373,0.40043163299560547,0.4251163899898529,1092.75,1101.6712646484375
4,386,0.6439777612686157,0.5407946109771729,1180.77001953125,1143.4786376953125
4,389,0.6069007515907288,0.5904134511947632,1167.3699951171875,1161.4112548828125
4,395,0.5655626654624939,0.5547337532043457,1152.4300537109375,1148.516357421875
4,396,0.6513378024101257,0.6130456924438477,1183.4300537109375,1169.5908203125
4,399,0.5336045026779175,0.5538744926452637,1140.8800048828125,1148.205810546875
4,407,0.6034144163131714,0.5882128477096558,1166.1099853515625,1160.615966796875
4,412,0.6783154606819153,0.5376780033111572,1193.179931640625,1142.3521728515625
4,417,0.6591129302978516,0.6833761930465698,1186.239990234375,1195.0089111328125
4,431,0.5078166127204895,0.48028281331062317,1131.5599365234375,1121.6090087890625
4,443,0.6649511456489563,0.6897763013839722,1188.3499755859375,1197.322021484375
4,444,0.7659998536109924,0.6524108648300171,1224.8699951171875,1183.8177490234375
4,449,0.7219224572181702,0.666541576385498,1208.93994140625,1188.9248046875
4,454,0.7103566527366638,0.6901122331619263,1204.760009765625,1197.4434814453125
4,456,0.7908192873001099,0.7325180768966675,1233.8399658203125,1212.769287109375
4,460,0.6709554195404053,0.6483004093170166,1190.52001953125,1182.332275390625
4,470,0.7040203809738159,0.7067124843597412,1202.469970703125,1203.4429931640625
4,473,0.6218145489692688,0.6816362142562866,1172.760009765625,1194.380126953125
4,475,0.5781798958778381,0.6073718070983887,1156.989990234375,1167.540283203125
4,476,0.6225339770317078,0.6505796909332275,1173.02001953125,1183.156005859375
4,487,0.6559032797813416,0.7077703475952148,1185.080078125,1203.8253173828125
4,489,0.785423755645752,0.6939775943756104,1231.8900146484375,1198.8404541015625
4,491,0.697490394115448,0.6417471170425415,1200.1099853515625,1179.9637451171875
4,496,0.707451343536377,0.5861639976501465,1203.7099609375,1159.87548828125
4,498,0.5812512040138245,0.4386672377586365,1158.0999755859375,1106.5687255859375
4,499,0.48117098212242126,0.48717260360717773,1121.929931640625,1124.09912109375
4,501,0.5036938786506653,0.5995994806289673,1130.0699462890625,1164.731201171875
4,504,0.6461636424064636,0.5676542520523071,1181.56005859375,1153.1859130859375
4,511,0.5802828073501587,0.5507814884185791,1157.75,1147.087890625
4,512,0.4953930377960205,0.544258713722229,1127.070068359375,1144.73046875
4,515,0.6067347526550293,0.5049571394920349,1167.31005859375,1130.526611328125
4,517,0.5375058650970459,0.53706955909729,1142.2900390625,1142.13232421875
4,521,0.41058632731437683,0.48047932982444763,1096.4200439453125,1121.6800537109375
4,537,0.5946155190467834,0.5910682678222656,1162.929931640625,1161.64794921875
4,539,0.3044464588165283,0.3744714856147766,1058.06005859375,1083.36767578125
4,546,0.6348468661308289,0.6190503835678101,1177.4700927734375,1171.760986328125
4,559,0.7247447371482849,0.7158267498016357,1209.9600830078125,1206.7369384765625
4,568,0.82631915807724,0.7987030744552612,1246.6700439453125,1236.689208984375
4,569,0.8482332825660706,0.8293756246566772,1254.5899658203125,1247.774658203125
4,574,0.6881934404373169,0.6820313930511475,1196.75,1194.52294921875
4,580,0.8232201933860779,0.8172997236251831,1245.550048828125,1243.4102783203125
4,587,0.7574499845504761,0.7248243093490601,1221.7799072265625,1209.98876953125
4,595,0.6528319716453552,0.5574173927307129,1183.9700927734375,1149.4862060546875
4,604,0.4476633071899414,0.5627439022064209,1109.8199462890625,1151.4112548828125
4,606,0.5004288554191589,0.5429995059967041,1128.8900146484375,1144.2755126953125
4,616,0.5898563861846924,0.5932822227478027,1161.2099609375,1162.4481201171875
4,625,0.6257989406585693,0.6392924785614014,1174.199951171875,1179.07666015625
4,633,0.7570902705192566,0.6896406412124634,1221.6500244140625,1197.27294921875
4,635,0.7408483624458313,0.7957035303115845,1215.780029296875,1235.605224609375
4,652,0.5544395446777344,0.6482506990432739,1148.4100341796875,1182.314208984375
4,653,0.6552668809890747,0.6520614624023438,1184.8499755859375,1183.6915283203125
4,655,0.7017238140106201,0.6844162940979004,1201.6400146484375,1195.3848876953125
4,656,0.679588258266449,0.6461318731307983,1193.6400146484375,1181.5484619140625
4,657,0.6944190859794617,0.8072718381881714,1199.0,1239.7861328125
4,658,0.643645703792572,0.6514861583709717,1180.6500244140625,1183.483642578125
4,662,0.5984339118003845,0.6329014301300049,1164.31005859375,1176.7669677734375
4,667,0.7044077515602112,0.7107293605804443,1202.6099853515625,1204.8946533203125
4,671,0.6381394863128662,0.614648699760437,1178.6600341796875,1170.170166015625
4,675,0.5574001669883728,0.6343607902526855,1149.47998046875,1177.2943115234375
4,684,0.6978777647018433,0.7432906627655029,1200.25,1216.6627197265625
4,685,0.6558479070663452,0.7414344549179077,1185.0599365234375,1215.9918212890625
4,688,0.6701806783676147,0.7094458341598511,1190.239990234375,1204.4307861328125
4,689,0.7078940868377686,0.8010616302490234,1203.8699951171875,1237.541748046875
4,690,0.7185744643211365,0.743224024772644,1207.72998046875,1216.6385498046875
4,696,0.48911207914352417,0.5203769207000732,1124.800048828125,1136.0994873046875
4,697,0.3678647577762604,0.47812777757644653,1080.9801025390625,1120.8302001953125
4,703,0.6766830086708069,0.6162700653076172,1192.5899658203125,1170.7562255859375
4,708,0.47577542066574097,0.4556627571582794,1119.97998046875,1112.7110595703125
4,713,0.701834499835968,0.6576112508773804,1201.6800537109375,1185.697265625
4,717,0.579757034778595,0.5506824254989624,1157.5599365234375,1147.0521240234375
4,726,0.6980161070823669,0.5444989204406738,1200.300048828125,1144.8173828125
4,728,0.4238676428794861,0.48583051562309265,1101.2200927734375,1123.614013671875
4,731,0.5901330709457397,0.5866111516952515,1161.3099365234375,1160.037109375
4,732,0.5877811908721924,0.5931093692779541,1160.4599609375,1162.3856201171875
4,734,0.6199607253074646,0.6371647119522095,1172.090087890625,1178.3076171875
4,735,0.34974128007888794,0.45488396286964417,1074.429931640625,1112.4296875
4,738,0.529509425163269,0.5388423204421997,1139.4000244140625,1142.77294921875
4,739,0.49254310131073,0.4876842200756073,1126.0399169921875,1124.283935546875
4,740,0.4998754858970642,0.5242784023284912,1128.6900634765625,1137.509521484375
4,750,0.6122409701347351,0.5634818077087402,1169.300048828125,1151.677978515625
4,753,0.5832157135009766,0.5789092779159546,1158.81005859375,1157.2535400390625
4,758,0.8972634673118591,0.7387977838516235,1272.31005859375,1215.038818359375
4,760,0.6209014654159546,0.5954936742782593,1172.429931640625,1163.247314453125
4,761,0.7217288017272949,0.6912378072738647,1208.8699951171875,1197.8502197265625
4,768,0.7422595024108887,0.6226950883865356,1216.2900390625,1173.0782470703125
4,773,0.40021029114723206,0.5335906744003296,1092.6700439453125,1140.875
4,783,0.7027199268341064,0.6859314441680908,1202.0,1195.9324951171875
4,784,0.6750781536102295,0.7076249122619629,1192.010009765625,1203.772705078125
4,789,0.6243601441383362,0.5969895124435425,1173.679931640625,1163.7879638671875
4,790,0.5859826803207397,0.6215444803237915,1159.8099365234375,1172.662353515625
4,801,0.5606928467750549,0.6006102561950684,1150.6700439453125,1165.0965576171875
4,814,0.7213690876960754,0.8094830513000488,1208.739990234375,1240.5853271484375
4,822,0.5228687524795532,0.5142366886138916,1137.0,1133.8802490234375
4,823,0.5071249008178711,0.5708208084106445,1131.31005859375,1154.330322265625
4,825,0.4569879174232483,0.5164015293121338,1113.18994140625,1134.6627197265625
4,826,0.5114689469337463,0.5456362962722778,1132.8800048828125,1145.2283935546875
4,827,0.7495642304420471,0.7121626138687134,1218.9300537109375,1205.41259765625
4,828,0.6642317771911621,0.5283942222595215,1188.0899658203125,1138.9969482421875
4,830,0.43759164214134216,0.4999319016933441,1106.179931640625,1128.7103271484375
4,833,0.38892117142677307,0.49057862162590027,1088.590087890625,1125.330078125
4,837,0.4872305691242218,0.5860891342163086,1124.1199951171875,1159.8485107421875
4,848,0.5824686884880066,0.5683015584945679,1158.5400390625,1153.4197998046875
4,850,0.5701557993888855,0.5215882062911987,1154.090087890625,1136.537109375
4,851,0.5751639604568481,0.5927386283874512,1155.9000244140625,1162.251708984375
4,852,0.4508729577064514,0.5403691530227661,1110.97998046875,1143.3248291015625
4,853,0.4561578333377838,0.5202802419662476,1112.8900146484375,1136.064453125
4,866,0.6257712841033936,0.5808155536651611,1174.1900634765625,1157.9425048828125
4,868,0.5553803443908691,0.7011961936950684,1148.75,1201.4493408203125
4,872,0.7568966150283813,0.6714335680007935,1221.5799560546875,1190.6927490234375
4,875,0.629340648651123,0.6701341867446899,1175.47998046875,1190.22314453125
4,876,0.6898536086082458,0.6412147283554077,1197.3499755859375,1179.7713623046875
4,882,0.6808887124061584,0.7518197298049927,1194.1099853515625,1219.7451171875
4,884,0.7402119636535645,0.7558118104934692,1215.550048828125,1221.1878662109375
4,885,0.7586397528648376,0.7217210531234741,1222.2100830078125,1208.8671875
4,890,0.8405689001083374,0.8340961933135986,1251.8199462890625,1249.480712890625
4,894,0.6880550980567932,0.8087732791900635,1196.699951171875,1240.3287353515625
4,895,0.6959685683250427,0.7368866205215454,1199.56005859375,1214.34814453125
4,902,0.9772834181785583,0.8479121923446655,1301.22998046875,1254.473876953125
4,908,0.6363409757614136,0.6731661558151245,1178.010009765625,1191.3189697265625
4,911,0.8407072424888611,0.7901357412338257,1251.8699951171875,1233.5928955078125
4,912,0.7618771195411682,0.7984746694564819,1223.3800048828125,1236.606689453125
4,919,0.49395424127578735,0.6920462846755981,1126.550048828125,1198.1424560546875
4,920,0.7322154641151428,0.6809308528900146,1212.6600341796875,1194.125244140625
4,924,0.7493152022361755,0.6762568950653076,1218.840087890625,1192.43603515625
4,927,0.564926266670227,0.5866782665252686,1152.199951171875,1160.0614013671875
4,933,0.6523339152336121,0.5689301490783691,1183.7900390625,1153.6470947265625
4,934,0.6638444066047668,0.6761192083358765,1187.949951171875,1192.38623046875
4,935,0.5209872722625732,0.5771346092224121,1136.320068359375,1156.6121826171875
4,945,0.6667773723602295,0.7095736265182495,1189.010009765625,1204.4769287109375
4,947,0.635151207447052,0.6136542558670044,1177.5799560546875,1169.810791015625
4,953,0.6934506297111511,0.6056439876556396,1198.6500244140625,1166.915771484375
4,958,0.7183808088302612,0.6557407379150391,1207.6600341796875,1185.021240234375
4,961,0.8000885248184204,0.6689251661300659,1237.18994140625,1189.7862548828125
4,967,0.6109681725502014,0.6056739091873169,1168.8399658203125,1166.926513671875
4,969,0.7013640999794006,0.6584166288375854,1201.510009765625,1185.98828125
4,970,0.6077585220336914,0.595239520072937,1167.6800537109375,1163.155517578125
4,971,0.6632080078125,0.5936403274536133,1187.719970703125,1162.5775146484375
4,977,0.6469383835792542,0.696019172668457,1181.8399658203125,1199.5782470703125
4,980,0.5926786661148071,0.675843358039856,1162.22998046875,1192.2864990234375
4,991,0.7589718103408813,0.8301311731338501,1222.3299560546875,1248.0477294921875
4,992,0.583160400390625,0.7082037925720215,1158.7900390625,1203.98193359375
4,996,0.7430342435836792,0.6206967830657959,1216.5699462890625,1172.3560791015625
4,1002,0.5723693370819092,0.6191396713256836,1154.8900146484375,1171.7933349609375
4,1003,0.7524694800376892,0.5850129127502441,1219.97998046875,1159.45947265625
4,1008,0.8301652073860168,0.8597190380096436,1248.0599365234375,1258.7410888671875
4,1011,0.7371959686279297,0.6944171190261841,1214.4599609375,1198.999267578125
4,1015,0.45131567120552063,0.526691198348999,1111.1400146484375,1138.3814697265625
4,1024,0.4052461087703705,0.5138871073722839,1094.489990234375,1133.7540283203125
4,1031,0.44265514612197876,0.46566036343574524,1108.010009765625,1116.3243408203125
4,1032,0.6179408431053162,0.5869208574295044,1171.3599853515625,1160.1490478515625
4,1035,0.6651448607444763,0.6676936149597168,1188.4200439453125,1189.3411865234375
4,1039,0.6452782154083252,0.6716066598892212,1181.239990234375,1190.75537109375
4,1042,0.671093761920929,0.6069681644439697,1190.5699462890625,1167.3944091796875
4,1048,0.68340665102005,0.716599702835083,1195.02001953125,1207.016357421875
4,1062,0.5274618864059448,0.5782526731491089,1138.659912109375,1157.0162353515625
4,1065,0.5500954389572144,0.6148982048034668,1146.8399658203125,1170.2603759765625
4,1066,0.6417918801307678,0.5713595151901245,1179.97998046875,1154.5250244140625
4,1069,0.761489748954773,0.6260721683502197,1223.239990234375,1174.2987060546875
4,1070,0.7803325653076172,0.7316713333129883,1230.050048828125,1212.46337890625
4,1072,0.6616861820220947,0.5976928472518921,1187.1700439453125,1164.0421142578125
4,1077,0.5870064496994019,0.6250675916671753,1160.179931640625,1173.9356689453125
4,1081,0.705265462398529,0.664310097694397,1202.9200439453125,1188.1182861328125
4,1088,0.5617996454238892,0.540549635887146,1151.0699462890625,1143.3900146484375
4,1092,0.6254392266273499,0.6560311317443848,1174.0699462890625,1185.126220703125
4,1093,0.6953321695327759,0.7511005401611328,1199.3299560546875,1219.4852294921875
4,1097,0.6516975164413452,0.6039280891418457,1183.5599365234375,1166.295654296875
4,1098,0.7930881977081299,0.7147291898727417,1234.6600341796875,1206.3402099609375
4,1099,0.6881934404373169,0.8069217205047607,1196.75,1239.6595458984375
4,1115,0.68340665102005,0.6045764684677124,1195.02001953125,1166.5299072265625
4,1119,0.7090561985969543,0.6840953826904297,1204.2900390625,1195.2689208984375
4,1127,0.6437287330627441,0.6823762655258179,1180.6800537109375,1194.6475830078125
4,1131,0.635344922542572,0.5447921752929688,1177.6500244140625,1144.92333984375
4,1139,0.46819400787353516,0.534907341003418,1117.239990234375,1141.350830078125
4,1140,0.5276832580566406,0.5696089267730713,1138.739990234375,1153.892333984375
4,1141,0.7028582692146301,0.6215875148773193,1202.050048828125,1172.677978515625
4,1148,0.590520441532135,0.5510363578796387,1161.449951171875,1147.1800537109375
4,1149,0.6089759469032288,0.5353894829750061,1168.1199951171875,1141.525146484375
4,1150,0.6004814505577087,0.6696375608444214,1165.050048828125,1190.043701171875
4,1155,0.5590050220489502,0.5574415922164917,1150.06005859375,1149.494873046875
4,1156,0.7432555556297302,0.6420999765396118,1216.6500244140625,1180.09130859375
4,1161,0.7076727151870728,0.626834511756897,1203.7899169921875,1174.57421875
4,1166,0.772059440612793,0.7265337705612183,1227.06005859375,1210.6065673828125
4,1167,0.7213967442512512,0.6840556859970093,1208.75,1195.2545166015625
4,1174,0.5845715403556824,0.6366739273071289,1159.300048828125,1178.13037109375
4,1175,0.6746354699134827,0.7220724821090698,1191.8499755859375,1208.994140625
4,1188,0.6901302933692932,0.6865636110305786,1197.449951171875,1196.160888671875
4,1191,0.7760161757469177,0.6757810115814209,1228.489990234375,1192.2640380859375
4,1192,0.6316925287246704,0.6308181285858154,1176.3299560546875,1176.0140380859375
4,1195,0.7730832099914551,0.6355341672897339,1227.4300537109375,1177.7183837890625
4,1199,0.7316620945930481,0.6244663000106812,1212.4599609375,1173.7183837890625
4,1203,0.6707894206047058,0.6466337442398071,1190.4600830078125,1181.7298583984375
4,1206,0.7501452565193176,0.6607900857925415,1219.1400146484375,1186.8460693359375
4,1208,0.7564815878868103,0.6519526243209839,1221.4300537109375,1183.6522216796875
4,1209,0.864945650100708,0.7939540147781372,1260.6300048828125,1234.972900390625
4,1212,0.7717550992965698,0.7458322048187256,1226.949951171875,1217.5811767578125
4,1213,0.8253230452537537,0.8042302131652832,1246.31005859375,1238.6868896484375
4,1219,0.6711767911911011,0.746728777885437,1190.5999755859375,1217.9052734375
4,1227,0.6935889720916748,0.7068805694580078,1198.699951171875,1203.503662109375
4,1232,0.741927444934845,0.7347147464752197,1216.1700439453125,1213.563232421875
4,1233,0.7315237522125244,0.6372926235198975,1212.4100341796875,1178.3538818359375
4,1234,0.7505326271057129,0.6650837659835815,1219.280029296875,1188.39794921875
4,1243,0.6608560681343079,0.6138936281204224,1186.8699951171875,1169.897216796875
4,1246,0.6222849488258362,0.6259157657623291,1172.929931640625,1174.2421875
4,1251,0.5828837156295776,0.627678632736206,1158.68994140625,1174.87939453125
4,1259,0.7539913058280945,0.8405091762542725,1220.530029296875,1251.7984619140625
4,1260,0.579231321811676,0.6099863052368164,1157.3699951171875,1168.485107421875
4,1271,0.9330123662948608,0.7693673372268677,1285.22998046875,1226.0870361328125
4,1276,0.8734678030014038,0.8373407125473022,1263.7099609375,1250.6533203125
4,1277,0.7239146828651428,0.7346504926681519,1209.6600341796875,1213.5400390625
4,1279,0.8130101561546326,0.8226971626281738,1241.8599853515625,1245.3609619140625
4,1295,0.8307462334632874,0.8065510988235474,1248.27001953125,1239.525634765625
4,1296,1.0067236423492432,0.8680999279022217,1311.8699951171875,1261.77001953125
4,1308,0.8124567866325378,0.8111567497253418,1241.6600341796875,1241.190185546875
4,1311,0.8495337963104248,0.7870134115219116,1255.06005859375,1232.4644775390625
4,1319,0.7121828198432922,0.7525064945220947,1205.419921875,1219.993408203125
4,1322,0.7119337916374207,0.7398200035095215,1205.330078125,1215.4083251953125
4,1342,0.5600011348724365,0.6151479482650757,1150.4200439453125,1170.3505859375
4,1344,0.6432859897613525,0.636127233505249,1180.52001953125,1177.9327392578125
4,1345,0.7277607321739197,0.7544635534286499,1211.050048828125,1220.70068359375
4,1346,0.5471071600914001,0.6324915885925293,1145.760009765625,1176.6187744140625
4,1351,0.46360090374946594,0.5940712690353394,1115.5799560546875,1162.7332763671875
4,1359,0.6322736144065857,0.647077202796936,1176.5400390625,1181.89013671875
4,1362,0.6562906503677368,0.7146379947662354,1185.219970703125,1206.307373046875
4,1365,0.7088901996612549,0.6663194894790649,1204.22998046875,1188.844482421875
4,1366,0.606873095035553,0.6680445671081543,1167.3599853515625,1189.468017578125
4,1368,0.6652001738548279,0.5779374837875366,1188.4400634765625,1156.90234375
4,1377,0.5676378607749939,0.6934987306594849,1153.1800537109375,1198.6673583984375
4,1387,0.6553221940994263,0.6370837688446045,1184.8699951171875,1178.2784423828125
4,1391,0.48797765374183655,0.6137645244598389,1124.3900146484375,1169.8505859375
4,1403,0.5390276908874512,0.6325221061706543,1142.8399658203125,1176.6298828125
4,1412,0.611438512802124,0.6674095392227173,1169.010009765625,1189.2384033203125
4,1421,0.7218394875526428,0.687667727470398,1208.9100341796875,1196.5599365234375
4,1431,0.679781973361969,0.6418015956878662,1193.7099609375,1179.9835205078125
4,1440,0.526106059551239,0.5373044013977051,1138.1700439453125,1142.2171630859375
4,1444,0.5984892249107361,0.6667996644973755,1164.330078125,1189.01806640625
4,1450,0.5580642223358154,0.5639356374740601,1149.719970703125,1151.8419189453125
4,1454,0.5671951770782471,0.6430714130401611,1153.02001953125,1180.4425048828125
4,1463,0.524556577205658,0.5839393138885498,1137.6099853515625,1159.071533203125
4,1467,0.628925621509552,0.5965894460678101,1175.3299560546875,1163.643310546875
4,1492,0.5872554779052734,0.618483304977417,1160.27001953125,1171.5560302734375
4,1502,0.7239146828651428,0.6786923408508301,1209.6600341796875,1193.316162109375
4,1503,0.7935032248497009,0.7117428779602051,1234.81005859375,1205.260986328125
4,1521,0.5806148052215576,0.6357553005218506,1157.8699951171875,1177.79833984375
4,1525,0.8633407950401306,0.7813009023666382,1260.050048828125,1230.39990234375
4,1535,0.8800531029701233,0.814057469367981,1266.0899658203125,1242.238525390625
4,1537,0.8333194851875305,0.8525310754776001,1249.199951171875,1256.1431884765625
4,1538,0.8845078945159912,0.8049510717391968,1267.699951171875,1238.9473876953125
4,1544,0.7200132608413696,0.7045595645904541,1208.25,1202.6649169921875
4,1545,0.6219805479049683,0.6899956464767456,1172.8199462890625,1197.4012451171875
4,1554,0.5295370817184448,0.639636754989624,1139.409912109375,1179.201171875
4,1556,0.8387426733970642,0.7007611989974976,1251.1600341796875,1201.2921142578125
4,1564,0.6225892901420593,0.6051024198532104,1173.0400390625,1166.7200927734375
4,1568,0.6587532162666321,0.6743903160095215,1186.1099853515625,1191.761474609375
4,1569,0.7251874804496765,0.6914258003234863,1210.1199951171875,1197.918212890625
4,1575,0.6484878659248352,0.6484470367431641,1182.4000244140625,1182.38525390625
4,1578,0.6264353394508362,0.6676907539367676,1174.429931640625,1189.340087890625
4,1581,0.5567084550857544,0.6744439601898193,1149.22998046875,1191.78076171875
4,1583,0.5440635085105896,0.6668269634246826,1144.6600341796875,1189.0279541015625
4,1591,0.8041836023330688,0.7576851844787598,1238.669921875,1221.864990234375
4,1596,0.5829113721847534,0.6694263219833374,1158.699951171875,1189.96728515625
4,1600,0.5989596247673035,0.6344349384307861,1164.5,1177.3211669921875
4,1601,0.7259068489074707,0.6995675563812256,1210.3800048828125,1200.8607177734375
4,1604,0.7112144231796265,0.7133973836898804,1205.0699462890625,1205.85888671875
4,1605,0.8228881359100342,0.7066917419433594,1245.4300537109375,1203.4354248046875
4,1616,0.6171384453773499,0.7503993511199951,1171.0699462890625,1219.2318115234375
4,1624,0.8389363884925842,0.7757713794708252,1251.22998046875,1228.4014892578125
4,1628,0.8409562706947327,0.7271348237991333,1251.9599609375,1210.82373046875
4,1630,0.6649788618087769,0.6912863254547119,1188.3599853515625,1197.8677978515625
4,1635,0.6794499158859253,0.6898612976074219,1193.5899658203125,1197.352783203125
4,1640,0.5269638299942017,0.5693942308425903,1138.47998046875,1153.814697265625
4,1643,0.7665808796882629,0.6306872367858887,1225.0799560546875,1175.9666748046875
4,1649,0.5896627306938171,0.5758270025253296,1161.1400146484375,1156.1396484375
4,1651,0.5671951770782471,0.5468780994415283,1153.02001953125,1145.67724609375
4,1652,0.6605517268180847,0.5685913562774658,1186.760009765625,1153.524658203125
4,1664,0.5835201144218445,0.5889045000076294,1158.9200439453125,1160.865966796875
4,1670,0.6001217365264893,0.6106917858123779,1164.9200439453125,1168.7401123046875
4,1673,0.6068454384803772,0.5992617607116699,1167.3499755859375,1164.6092529296875
4,1690,0.655128538608551,0.6464366912841797,1184.800048828125,1181.65869140625
4,1700,0.602944016456604,0.652728796005249,1165.93994140625,1183.9327392578125
4,1712,0.8448023200035095,0.7633204460144043,1253.35009765625,1223.901611328125
4,1715,0.6545751094818115,0.6584614515304565,1184.5999755859375,1186.0045166015625
4,1716,0.6375584602355957,0.5909396409988403,1178.4500732421875,1161.6014404296875
4,1723,0.7963255047798157,0.7984416484832764,1235.8299560546875,1236.5948486328125
4,1725,0.6753271818161011,0.6833345890045166,1192.0999755859375,1194.9940185546875
4,1737,0.5517832636833191,0.6433680057525635,1147.4500732421875,1180.5496826171875
4,1738,0.4722890853881836,0.547295331954956,1118.719970703125,1145.8280029296875
4,1740,0.43070197105407715,0.5122014284133911,1103.6900634765625,1133.1446533203125
4,1746,0.49008050560951233,0.5635412931442261,1125.1500244140625,1151.699462890625
4,1747,0.5248333215713501,0.6614129543304443,1137.7099609375,1187.0712890625
4,1765,0.5677762031555176,0.5148119926452637,1153.22998046875,1134.0882568359375
4,1776,0.7701779007911682,0.6820675134658813,1226.3800048828125,1194.5360107421875
4,1781,0.5324977040290833,0.5744367837905884,1140.47998046875,1155.63720703125
4,1784,0.5322210192680359,0.5635591745376587,1140.3800048828125,1151.7059326171875
4,1787,0.6017265915870667,0.6972472667694092,1165.5,1200.0220947265625
4,1790,0.6346531510353088,0.6503156423568726,1177.4000244140625,1183.060546875
4,1794,0.5734207630157471,0.5529295206069946,1155.27001953125,1147.8642578125
4,1797,0.6361749768257141,0.5709547996520996,1177.949951171875,1154.3787841796875
4,1809,0.6446141600608826,0.5389320850372314,1181.0,1142.805419921875
4,1810,0.5694916844367981,0.5845704078674316,1153.8499755859375,1159.299560546875
4,1817,0.7484021186828613,0.6209725141525269,1218.510009765625,1172.4556884765625
4,1823,0.5811681747436523,0.4727012813091278,1158.0699462890625,1118.8690185546875
4,1825,0.47740793228149414,0.5493749380111694,1120.570068359375,1146.57958984375
5,1,0.8195085525512695,0.7929535508155823,1246.199951171875,1236.5382080078125
5,8,0.7880111932754517,0.8012058734893799,1234.739990234375,1239.5406494140625
5,13,0.6701846718788147,0.7185878753662109,1191.8699951171875,1209.48095703125
5,14,0.7610487937927246,0.7539536356925964,1224.929931640625,1222.3485107421875
5,20,0.7485433220863342,0.8309342265129089,1220.3800048828125,1250.3570556640625
5,21,0.8175022006034851,0.8348785042762756,1245.469970703125,1251.792236328125
5,26,0.7039358019828796,0.8880293965339661,1204.1500244140625,1271.130615234375
5,34,0.8781881928443909,0.8147351741790771,1267.550048828125,1244.4632568359375
5,37,0.8308322429656982,0.8416260480880737,1250.3199462890625,1254.2471923828125
5,40,0.8219547271728516,0.8147842884063721,1247.0899658203125,1244.4810791015625
5,53,0.8434751629829407,0.8340334892272949,1254.9200439453125,1251.4847412109375
5,64,0.7967513203620911,0.8122060894966125,1237.9200439453125,1243.5430908203125
5,87,0.7348009943962097,0.7784636616706848,1215.3800048828125,1231.2662353515625
5,91,0.9124065637588501,0.8724273443222046,1280.0,1265.4539794921875
5,95,0.7662708759307861,0.6964797973632812,1226.8299560546875,1201.4371337890625
5,98,0.6087291240692139,0.6627467274665833,1169.510009765625,1189.163818359375
5,103,0.9445910453796387,0.8121746778488159,1291.7099609375,1243.5316162109375
5,112,0.6720536351203918,0.7070446014404297,1192.550048828125,1205.2811279296875
5,121,0.6436895132064819,0.684682309627533,1182.22998046875,1197.144775390625
5,122,0.6375604867935181,0.6313577890396118,1180.0,1177.7431640625
5,130,0.6456409692764282,0.6961011290550232,1182.9400634765625,1201.2994384765625
5,134,0.7053924798965454,0.644599199295044,1204.6800537109375,1182.5609130859375
5,143,0.6194481253623962,0.6547725796699524,1173.4100341796875,1186.262451171875
5,146,0.7772097587585449,0.7055249214172363,1230.8099365234375,1204.7281494140625
5,150,0.6420129537582397,0.6560229063034058,1181.6199951171875,1186.7174072265625
5,151,0.6668590307235718,0.6756857633590698,1190.6600341796875,1193.8714599609375
5,152,0.668480634689331,0.6949408054351807,1191.25,1200.877197265625
5,160,0.6811510324478149,0.7555010318756104,1195.8599853515625,1222.9114990234375
5,161,0.7636048793792725,0.7472472190856934,1225.8599853515625,1219.908447265625
5,166,0.6680684089660645,0.7133747339248657,1191.0999755859375,1207.584228515625
5,186,0.6560301184654236,0.6306278705596924,1186.719970703125,1177.4776611328125
5,187,0.6605925559997559,0.6478527188301086,1188.3800048828125,1183.7447509765625
5,189,0.6060906052589417,0.6748882532119751,1168.550048828125,1193.581298828125
5,197,0.7085257172584534,0.6590065360069275,1205.820068359375,1187.802978515625
5,200,0.5212455987930298,0.6226127743721008,1137.6800537109375,1174.5614013671875
5,201,0.6832398772239685,0.7018083333969116,1196.6199951171875,1203.3759765625
5,202,0.4531387388706207,0.514238178730011,1112.9000244140625,1135.1304931640625
5,205,0.6085916757583618,0.5312907695770264,1169.4599609375,1141.3348388671875
5,206,0.4633904993534088,0.5334235429763794,1116.6300048828125,1142.11083984375
5,207,0.09597625583410263,0.2642587423324585,982.9500122070312,1044.1778564453125
5,216,0.41762861609458923,0.45937129855155945,1099.97998046875,1115.1676025390625
5,219,0.3999285399913788,0.45716747641563416,1093.5399169921875,1114.3658447265625
5,225,0.009344766847789288,0.10120318830013275,951.4299926757812,984.8517456054688
5,229,0.6003188490867615,0.606189489364624,1166.449951171875,1168.5859375
5,230,0.41820579767227173,0.424818217754364,1100.1900634765625,1102.5958251953125
5,241,0.5571680068969727,0.4707430899143219,1150.75,1119.30517578125
5,246,0.5357849597930908,0.4869424104690552,1142.969970703125,1125.1990966796875
5,252,0.6328606009483337,0.4689387381076813,1178.2900390625,1118.648681640625
5,253,0.5979001522064209,0.5345674753189087,1165.5699462890625,1142.5269775390625
5,262,0.34647098183631897,0.23503081500530243,1074.0899658203125,1033.5435791015625
5,269,0.3665896952152252,0.3228677213191986,1081.4100341796875,1065.502197265625
5,276,0.44698217511177063,0.4230232834815979,1110.6600341796875,1101.94287109375
5,279,0.26269787549972534,0.3499447703361511,1043.6099853515625,1075.3538818359375
5,283,0.38654354214668274,0.4406326413154602,1088.6700439453125,1108.349853515625
5,288,0.37612685561180115,0.44194790720939636,1084.8800048828125,1108.8282470703125
5,293,0.5226198434829712,0.44561684131622314,1138.1800537109375,1110.1632080078125
5,295,0.4025121033191681,0.44143444299697876,1094.47998046875,1108.6414794921875
5,315,0.5670899152755737,0.5428757071495056,1154.3599853515625,1145.5499267578125
5,317,0.500192403793335,0.5047677159309387,1130.02001953125,1131.6846923828125
5,330,0.48881375789642334,0.4310510456562042,1125.8800048828125,1104.8636474609375
5,337,0.39586082100868225,0.43129298090934753,1092.0599365234375,1104.95166015625
5,343,0.41468778252601624,0.41882094740867615,1098.9100341796875,1100.413818359375
5,345,0.39885663986206055,0.5336229205131531,1093.14990234375,1142.183349609375
5,378,0.48892369866371155,0.6147937178611755,1125.9200439453125,1171.716552734375
5,379,0.5562335252761841,0.5853817462921143,1150.4100341796875,1161.0152587890625
5,384,0.7018469572067261,0.6307711601257324,1203.3900146484375,1177.52978515625
5,385,0.6049637198448181,0.5870417356491089,1168.1400146484375,1161.6192626953125
5,387,0.5405123233795166,0.5538085699081421,1144.68994140625,1149.5277099609375
5,391,0.5580474734306335,0.5999033451080322,1151.0699462890625,1166.298828125
5,392,0.4768579602241516,0.5859812498092651,1121.530029296875,1161.2333984375
5,397,0.6126593947410583,0.51385897397995,1170.93994140625,1134.992431640625
5,400,0.7181453108787537,0.6337352991104126,1209.3199462890625,1178.6082763671875
5,401,0.5824263691902161,0.5324307680130005,1159.9400634765625,1141.7496337890625
5,402,0.5509289503097534,0.5698685050010681,1148.47998046875,1155.3709716796875
5,403,0.6878023147583008,0.5318218469619751,1198.2799072265625,1141.528076171875
5,406,0.5430684089660645,0.5767128467559814,1145.6199951171875,1157.8612060546875
5,418,0.6632310748100281,0.5559207201004028,1189.3399658203125,1150.296142578125
5,437,0.6146658062934875,0.5686374306678772,1171.6700439453125,1154.923095703125
5,441,0.6813159584999084,0.7279623746871948,1195.9200439453125,1212.891845703125
5,452,0.7109443545341492,0.7547094821929932,1206.699951171875,1222.6234130859375
5,455,0.8217898011207581,0.7766820192337036,1247.030029296875,1230.6180419921875
5,459,0.5920734405517578,0.7392096519470215,1163.449951171875,1216.9840087890625
5,463,0.6732629537582397,0.6112242341041565,1192.989990234375,1170.4178466796875
5,466,0.5949318408966064,0.656183660030365,1164.489990234375,1186.77587890625
5,469,0.7631925940513611,0.6525904536247253,1225.7099609375,1185.468505859375
5,472,0.8330309987068176,0.7475677728652954,1251.1199951171875,1220.0250244140625
5,474,0.7459597587585449,0.6663704514503479,1219.43994140625,1190.4822998046875
5,484,0.7686620354652405,0.5329452753067017,1227.7000732421875,1141.936767578125
5,488,0.6121371984481812,0.6403933763504028,1170.75,1181.03076171875
5,492,0.7026990056037903,0.6958273649215698,1203.7000732421875,1201.1998291015625
5,502,0.5323218703269958,0.6384550333023071,1141.7099609375,1180.325439453125
5,508,0.5131101608276367,0.5710750818252563,1134.719970703125,1155.8099365234375
5,509,0.4986807405948639,0.5509606599807739,1129.469970703125,1148.4915771484375
5,510,0.4863126575946808,0.563652753829956,1124.9700927734375,1153.109375
5,520,0.41848066449165344,0.47492673993110657,1100.2900390625,1120.827392578125
5,524,0.6180464029312134,0.5679579973220825,1172.9000244140625,1154.6759033203125
5,540,0.48656001687049866,0.47605153918266296,1125.0599365234375,1121.236572265625
5,550,0.6134564876556396,0.5565955638885498,1171.22998046875,1150.541748046875
5,556,0.6657596826553345,0.5773788690567017,1190.260009765625,1158.103515625
5,562,0.7491479516029358,0.6923344135284424,1220.5999755859375,1199.928955078125
5,563,0.7238896489143372,0.6935620307922363,1211.4100341796875,1200.3756103515625
5,564,0.7189698815345764,0.7156147956848145,1209.6199951171875,1208.3992919921875
5,565,0.6235707998275757,0.7401471138000488,1174.9100341796875,1217.3250732421875
5,577,0.6642480492591858,0.6841040849685669,1189.7100830078125,1196.9344482421875
5,586,0.6559751629829407,0.6840655207633972,1186.7000732421875,1196.92041015625
5,592,0.6212071180343628,0.6007358431816101,1174.050048828125,1166.6016845703125
5,600,0.5184971690177917,0.5566954612731934,1136.6800537109375,1150.5780029296875
5,608,0.3865160644054413,0.5227195620536804,1088.6600341796875,1138.21630859375
5,612,0.6222240328788757,0.6555205583572388,1174.419921875,1186.5345458984375
5,623,0.7245492339134216,0.6723651885986328,1211.6500244140625,1192.663330078125
5,627,0.7359828352928162,0.578987181186676,1215.8099365234375,1158.688720703125
5,632,0.646135687828064,0.6385840773582458,1183.1199951171875,1180.3724365234375
5,639,0.4663313627243042,0.5574234127998352,1117.699951171875,1150.843017578125
5,640,0.5587071180343628,0.5768253803253174,1151.31005859375,1157.902099609375
5,641,0.6092513203620911,0.5375568866729736,1169.7000732421875,1143.6146240234375
5,642,0.5834982395172119,0.5998326539993286,1160.3299560546875,1166.2730712890625
5,645,0.6889566779136658,0.6542013883590698,1198.699951171875,1186.0546875
5,646,0.7349933981895447,0.698305606842041,1215.449951171875,1202.1014404296875
5,647,0.5776165127754211,0.5663818120956421,1158.1900634765625,1154.1024169921875
5,648,0.6689753532409668,0.5958104729652405,1191.429931640625,1164.8096923828125
5,659,0.5785509943962097,0.5947991609573364,1158.530029296875,1164.4417724609375
5,663,0.7002803683280945,0.6041139364242554,1202.8199462890625,1167.830810546875
5,681,0.6258795261383057,0.6667904853820801,1175.75,1190.635009765625
5,683,0.584267795085907,0.6707850694656372,1160.6099853515625,1192.0885009765625
5,686,0.8099164366722107,0.7501615285873413,1242.7099609375,1220.96875
5,687,0.7039083242416382,0.6990250945091248,1204.1400146484375,1202.36328125
5,698,0.5785784721374512,0.5631592273712158,1158.5399169921875,1152.9298095703125
5,699,0.6810411214828491,0.5793935656547546,1195.8199462890625,1158.8365478515625
5,702,0.6622416377067566,0.6307889819145203,1188.97998046875,1177.5362548828125
5,709,0.5818216800689697,0.5798083543777466,1159.719970703125,1158.9874267578125
5,719,0.45998239517211914,0.48047441244125366,1115.3900146484375,1122.8458251953125
5,725,0.6687005162239075,0.597380518913269,1191.330078125,1165.3809814453125
5,729,0.44442611932754517,0.500638484954834,1109.72998046875,1130.1822509765625
5,742,0.5527154803276062,0.5946022272109985,1149.1300048828125,1164.3701171875
5,747,0.43120601773262024,0.402575820684433,1104.9200439453125,1094.503173828125
5,748,0.5785235166549683,0.5853877067565918,1158.52001953125,1161.0174560546875
5,749,0.6291501522064209,0.5373708009719849,1176.93994140625,1143.5469970703125
5,751,0.5015391111373901,0.514948844909668,1130.510009765625,1135.388916015625
5,763,0.5047548413276672,0.5829805731773376,1131.6800537109375,1160.1416015625
5,766,0.6382750868797302,0.6782557368278503,1180.260009765625,1194.8065185546875
5,769,0.6013907194137573,0.6550358533859253,1166.8399658203125,1186.3582763671875
5,775,0.5740160346031189,0.6167898178100586,1156.8800048828125,1172.4427490234375
5,776,0.6930793523788452,0.6666339635848999,1200.199951171875,1190.578125
5,779,0.5996866822242737,0.7039199471473694,1166.219970703125,1204.144287109375
5,791,0.662653923034668,0.606776237487793,1189.1300048828125,1168.7994384765625
5,794,0.6088390350341797,0.6937515735626221,1169.5499267578125,1200.444580078125
5,795,0.5565083622932434,0.6686152219772339,1150.510009765625,1191.2989501953125
5,797,0.5824263691902161,0.6297594308853149,1159.9400634765625,1177.16162109375
5,800,0.6598230004310608,0.6932863593101501,1188.0999755859375,1200.2752685546875
5,804,0.8521327972412109,0.785502552986145,1258.0699462890625,1233.8272705078125
5,805,0.6934916377067566,0.6851130127906799,1200.3499755859375,1197.301513671875
5,815,0.7765501141548157,0.6683661937713623,1230.570068359375,1191.2083740234375
5,821,0.5031057596206665,0.6379550099372864,1131.0799560546875,1180.1435546875
5,831,0.5601088404655457,0.6736791133880615,1151.8199462890625,1193.141357421875
5,835,0.5718722343444824,0.6283019781112671,1156.0999755859375,1176.63134765625
5,840,0.5054419636726379,0.6209624409675598,1131.9300537109375,1173.9610595703125
5,854,0.5931453108787537,0.5643073916435242,1163.8399658203125,1153.3475341796875
5,856,0.5963335633277893,0.5421450138092041,1165.0,1145.2840576171875
5,860,0.6697174310684204,0.6369695067405701,1191.699951171875,1179.784912109375
5,863,0.6355540752410889,0.6766076683998108,1179.2698974609375,1194.2069091796875
5,870,0.6743623614311218,0.6823434829711914,1193.3900146484375,1196.2938232421875
5,871,0.7329045534133911,0.7289848923683167,1214.68994140625,1213.263916015625
5,877,0.7417545914649963,0.6493070721626282,1217.9100341796875,1184.27392578125
5,878,0.6849164366722107,0.6991125345230103,1197.22998046875,1202.3951416015625
5,880,0.7192172408103943,0.6802151203155518,1209.7099609375,1195.5194091796875
5,883,0.7981530427932739,0.7748962044715881,1238.4300537109375,1229.96826171875
5,891,0.7225703597068787,0.785808801651001,1210.929931640625,1233.9385986328125
5,896,0.7652814388275146,0.7424860000610352,1226.469970703125,1218.176025390625
5,897,0.6469327211380005,0.6814349293708801,1183.4100341796875,1195.9632568359375
5,913,0.6198053956031799,0.6590707302093506,1173.5400390625,1187.8262939453125
5,928,0.6910730004310608,0.5980927348136902,1199.469970703125,1165.6400146484375
5,929,0.47573110461235046,0.5364676713943481,1121.1199951171875,1143.2183837890625
5,951,0.6745272874832153,0.6005163788795471,1193.4500732421875,1166.5218505859375
5,954,0.6882970333099365,0.5917232036590576,1198.4599609375,1163.322509765625
5,955,0.6740325689315796,0.5877169966697693,1193.27001953125,1161.864990234375
5,956,0.7265281677246094,0.5329508781433105,1212.3699951171875,1141.9388427734375
5,957,0.5296009182929993,0.5352360010147095,1140.719970703125,1142.770263671875
5,959,0.6163973212242126,0.6573628187179565,1172.2999267578125,1187.204833984375
5,960,0.7122911214828491,0.5853394269943237,1207.1900634765625,1160.9998779296875
5,972,0.49491533637046814,0.6043663024902344,1128.0999755859375,1167.922607421875
5,975,0.7424691915512085,0.6818039417266846,1218.1700439453125,1196.0975341796875
5,981,0.6532266736030579,0.7424005270004272,1185.7000732421875,1218.14501953125
5,995,0.6029573678970337,0.6188510060310364,1167.4100341796875,1173.1927490234375
5,1012,0.6857959628105164,0.6555731296539307,1197.5499267578125,1186.5537109375
5,1014,0.647097647190094,0.6697356700897217,1183.4700927734375,1191.70654296875
5,1016,0.4787544012069702,0.43870583176612854,1122.219970703125,1107.648681640625
5,1017,0.46077945828437805,0.5137060880661011,1115.6800537109375,1134.936767578125
5,1019,0.3969327211380005,0.45818963646888733,1092.449951171875,1114.7376708984375
5,1020,0.5208607912063599,0.520280122756958,1137.5400390625,1137.3287353515625
5,1021,0.46072450280189514,0.5353949666023254,1115.6600341796875,1142.828125
5,1025,0.5983399152755737,0.6767976880073547,1165.72998046875,1194.276123046875
5,1028,0.5942721962928772,0.6243077516555786,1164.25,1175.1781005859375
5,1038,0.7635224461555481,0.7163549661636353,1225.830078125,1208.6685791015625
5,1044,0.555134117603302,0.5801025032997131,1150.010009765625,1159.094482421875
5,1045,0.6150780320167542,0.5684952735900879,1171.820068359375,1154.871337890625
5,1051,0.7373021245002747,0.612461507320404,1216.2900390625,1170.867919921875
5,1056,0.6070250868797302,0.5918682813644409,1168.8900146484375,1163.3753662109375
5,1059,0.5716798305511475,0.5674108266830444,1156.0299072265625,1154.476806640625
5,1060,0.6963225603103638,0.7112317681312561,1201.3800048828125,1206.8045654296875
5,1064,0.5358124375343323,0.5471392869949341,1142.97998046875,1147.1011962890625
5,1071,0.6575142741203308,0.7114516496658325,1187.260009765625,1206.884521484375
5,1076,0.6388797163963318,0.61472088098526,1180.47998046875,1171.6900634765625
5,1082,0.7002528309822083,0.7013206481933594,1202.81005859375,1203.198486328125
5,1086,0.6405287981033325,0.5677405595779419,1181.0799560546875,1154.5966796875
5,1095,0.7908970713615417,0.8122178316116333,1235.7899169921875,1243.54736328125
5,1104,0.6953056454658508,0.7406786680221558,1201.010009765625,1217.5185546875
5,1109,0.7163313627243042,0.7419407367706299,1208.6600341796875,1217.9776611328125
5,1122,0.7344162464141846,0.6713069677352905,1215.239990234375,1192.2783203125
5,1123,0.4905727803707123,0.535467803478241,1126.52001953125,1142.8546142578125
5,1126,0.6334377527236938,0.6888226866722107,1178.5,1198.6512451171875
5,1129,0.6596031188964844,0.6252859830856323,1188.02001953125,1175.5340576171875
5,1130,0.5910015106201172,0.6371272802352905,1163.0599365234375,1179.8424072265625
5,1135,0.4626484215259552,0.6509895324707031,1116.3599853515625,1184.885986328125
5,1136,0.5737411975860596,0.5857086181640625,1156.7799072265625,1161.1341552734375
5,1143,0.5709652304649353,0.5874226689338684,1155.77001953125,1161.7579345703125
5,1147,0.5684916377067566,0.5521184802055359,1154.8699951171875,1148.9127197265625
5,1152,0.5717623233795166,0.6255311965942383,1156.0599365234375,1175.623291015625
5,1153,0.5137147903442383,0.5979428291320801,1134.93994140625,1165.58544921875
5,1154,0.6369557976722717,0.6355730295181274,1179.780029296875,1179.27685546875
5,1158,0.6923922896385193,0.6917266845703125,1199.949951171875,1199.707763671875
5,1162,0.6646877527236938,0.6913799047470093,1189.8699951171875,1199.5816650390625
5,1171,0.7150395512580872,0.6822952032089233,1208.1900634765625,1196.2762451171875
5,1180,0.677825391292572,0.641429603099823,1194.6500244140625,1181.40771484375
5,1183,0.6777979135513306,0.6287323236465454,1194.6400146484375,1176.7879638671875
5,1184,0.6704595685005188,0.6787761449813843,1191.9700927734375,1194.9959716796875
5,1186,0.7473340034484863,0.7290084362030029,1219.93994140625,1213.2723388671875
5,1194,0.805463969707489,0.5506991147994995,1241.0899658203125,1148.3963623046875
5,1207,0.7869118452072144,0.6725549697875977,1234.3399658203125,1192.732421875
5,1215,0.8827231526374817,0.7407820224761963,1269.2000732421875,1217.55615234375
5,1218,0.747059166431427,0.7457678318023682,1219.840087890625,1219.3701171875
5,1224,0.659383237361908,0.6723709106445312,1187.93994140625,1192.6654052734375
5,1238,0.6302770376205444,0.6398529410362244,1177.3499755859375,1180.8341064453125
5,1241,0.5785509943962097,0.5703598260879517,1158.530029296875,1155.5496826171875
5,1248,0.6715314388275146,0.7004028558731079,1192.3599853515625,1202.8646240234375
5,1250,0.6126044392585754,0.6763964891433716,1170.9200439453125,1194.130126953125
5,1254,0.746097207069397,0.7012151479721069,1219.489990234375,1203.16015625
5,1256,0.6559202075004578,0.7813511490821838,1186.679931640625,1232.3167724609375
5,1257,0.7442282438278198,0.6509964466094971,1218.81005859375,1184.8885498046875
5,1264,0.6431123614311218,0.7095773816108704,1182.02001953125,1206.20263671875
5,1266,0.7307882308959961,0.6878571510314941,1213.919921875,1198.2999267578125
5,1267,0.7820195555686951,0.7102332711219788,1232.5599365234375,1206.4412841796875
5,1275,0.6735653281211853,0.6840469837188721,1193.0999755859375,1196.91357421875
5,1282,0.7797383666038513,0.6791008114814758,1231.72998046875,1195.114013671875
5,1291,0.8079650402069092,0.8753747344017029,1242.0,1266.5263671875
5,1294,0.8716743588447571,0.8159277439117432,1265.1800537109375,1244.8970947265625
5,1297,0.8152209520339966,0.7728590965270996,1244.6400146484375,1229.22705078125
5,1300,0.8086521625518799,0.8837906122207642,1242.25,1269.58837890625
5,1306,0.8375110030174255,0.7833118438720703,1252.75,1233.0301513671875
5,1321,0.6645228862762451,0.6909092664718628,1189.8099365234375,1199.410400390625
5,1327,0.7359553575515747,0.7644455432891846,1215.800048828125,1226.165771484375
5,1332,0.6985487937927246,0.649399995803833,1202.18994140625,1184.3076171875
5,1337,0.7088280320167542,0.7421643137931824,1205.9300537109375,1218.05908203125
5,1349,0.5279243588447571,0.6359854936599731,1140.1099853515625,1179.427001953125
5,1354,0.7673977613449097,0.623487651348114,1227.239990234375,1174.8797607421875
5,1363,0.6201627254486084,0.6818519234657288,1173.669921875,1196.114990234375
5,1367,0.5548318028450012,0.5794682502746582,1149.9000244140625,1158.8636474609375
5,1369,0.6575142741203308,0.5937962532043457,1187.260009765625,1164.0767822265625
5,1371,0.7352132797241211,0.6893519163131714,1215.5299072265625,1198.84375
5,1372,0.697614312171936,0.6581709980964661,1201.8499755859375,1187.4990234375
5,1382,0.8922053575515747,0.7286138534545898,1272.6500244140625,1213.1287841796875
5,1388,0.6502583622932434,0.7303871512413025,1184.6199951171875,1213.7740478515625
5,1390,0.7008025646209717,0.7215888500213623,1203.010009765625,1210.5728759765625
5,1396,0.8163753151893616,0.7287592887878418,1245.06005859375,1213.1817626953125
5,1397,0.7716029286384583,0.6697676181793213,1228.77001953125,1191.71826171875
5,1398,0.7689368724822998,0.6648639440536499,1227.7999267578125,1189.93408203125
5,1400,0.5908641219139099,0.6634585857391357,1163.010009765625,1189.4227294921875
5,1408,0.9644898772239685,0.7624109983444214,1298.949951171875,1225.4256591796875
5,1409,0.7418370842933655,0.597260594367981,1217.9400634765625,1165.3372802734375
5,1410,0.7214434742927551,0.6453120708465576,1210.52001953125,1182.8203125
5,1411,0.7668755650520325,0.6333261132240295,1227.050048828125,1178.4593505859375
5,1413,0.6548757553100586,0.603225588798523,1186.2999267578125,1167.507568359375
5,1415,0.47229552268981934,0.5788405537605286,1119.8699951171875,1158.6353759765625
5,1426,0.797768235206604,0.634630024433136,1238.2900390625,1178.933837890625
5,1430,0.40465590357780457,0.4892994463443756,1095.260009765625,1126.0567626953125
5,1434,0.6656497120857239,0.6343740224838257,1190.219970703125,1178.8406982421875
5,1437,0.5676396489143372,0.6757979393005371,1154.56005859375,1193.9122314453125
5,1438,0.6121097207069397,0.6292484998703003,1170.739990234375,1176.975830078125
5,1439,0.5681618452072144,0.677170991897583,1154.75,1194.411865234375
5,1443,0.5670624375343323,0.5339652299880981,1154.3499755859375,1142.307861328125
5,1445,0.5224823951721191,0.5850244760513306,1138.1300048828125,1160.88525390625
5,1451,0.6205474734306335,0.5615589022636414,1173.8099365234375,1152.3475341796875
5,1459,0.5230870842933655,0.5446863770484924,1138.3499755859375,1146.208740234375
5,1462,0.43563103675842285,0.5587249994277954,1106.5299072265625,1151.3165283203125
5,1478,0.628902792930603,0.6059176325798035,1176.8499755859375,1168.487060546875
5,1479,0.6696624755859375,0.6602402329444885,1191.679931640625,1188.2518310546875
5,1482,0.6709542870521545,0.6212433576583862,1192.1500244140625,1174.063232421875
5,1484,0.6567996740341187,0.7076456546783447,1187.0,1205.499755859375
5,1485,0.5814643502235413,0.5843762755393982,1159.5899658203125,1160.6494140625
5,1490,0.6553155183792114,0.6057313680648804,1186.4599609375,1168.4193115234375
5,1491,0.6941238045692444,0.6743360757827759,1200.580078125,1193.3804931640625
5,1495,0.6170844435691833,0.7160293459892273,1172.5499267578125,1208.550048828125
5,1496,0.4116644561290741,0.4964228570461273,1097.8099365234375,1128.6485595703125
5,1499,0.7877363562583923,0.7828949093818665,1234.6400146484375,1232.8785400390625
5,1500,0.6409685611724854,0.6758920550346375,1181.239990234375,1193.946533203125
5,1508,0.829210638999939,0.6814557909965515,1249.72998046875,1195.9708251953125
5,1513,0.7659960389137268,0.7044084668159485,1226.72998046875,1204.322021484375
5,1515,0.6808487176895142,0.7016726732254028,1195.75,1203.3265380859375
5,1519,0.6472625136375427,0.674514651298523,1183.530029296875,1193.4454345703125
5,1520,0.5414742827415466,0.5802441239356995,1145.0400390625,1159.14599609375
5,1522,0.6844766736030579,0.7578617334365845,1197.070068359375,1223.7703857421875
5,1526,0.8223669528961182,0.7232382297515869,1247.239990234375,1211.1729736328125
5,1527,0.8854166865348816,0.7868570685386658,1270.179931640625,1234.320068359375
5,1528,0.7956793904304504,0.7612128257751465,1237.530029296875,1224.9896240234375
5,1529,0.8126099109649658,0.7515991926193237,1243.68994140625,1221.4918212890625
5,1533,0.9849659204483032,0.7625831961631775,1306.4000244140625,1225.48828125
5,1534,0.6690578460693359,0.8011062741279602,1191.4599609375,1239.5045166015625
5,1543,0.5633520483970642,0.6347371935844421,1153.0,1178.9727783203125
5,1553,0.585037350654602,0.6157054901123047,1160.8900146484375,1172.0482177734375
5,1563,0.6494337916374207,0.7329152226448059,1184.3199462890625,1214.69384765625
5,1565,0.6367359161376953,0.6859726905822754,1179.699951171875,1197.6142578125
5,1570,0.6124395132064819,0.6983212828636169,1170.8599853515625,1202.107177734375
5,1572,0.5988346338272095,0.6785780191421509,1165.9100341796875,1194.923828125
5,1577,0.6336576342582703,0.7329074144363403,1178.5799560546875,1214.6910400390625
5,1579,0.6993458867073059,0.7341855764389038,1202.47998046875,1215.1561279296875
5,1584,0.6205474734306335,0.6335223913192749,1173.8099365234375,1178.53076171875
5,1585,0.6807937622070312,0.6754282712936401,1195.72998046875,1193.77783203125
5,1589,0.7405452728271484,0.6663056015968323,1217.469970703125,1190.4586181640625
5,1590,0.7360103130340576,0.7206952571868896,1215.8199462890625,1210.2476806640625
5,1597,0.6967073678970337,0.6727561354637146,1201.52001953125,1192.8055419921875
5,1598,0.663478434085846,0.6411224603652954,1189.4300537109375,1181.2960205078125
5,1602,0.9147427678108215,0.8420999646186829,1280.8499755859375,1254.419677734375
5,1603,0.7974659204483032,0.7200952172279358,1238.1800537109375,1210.0294189453125
5,1609,0.6856035590171814,0.779818058013916,1197.47998046875,1231.7589111328125
5,1618,0.6637257933616638,0.6112516522407532,1189.52001953125,1170.4278564453125
5,1620,0.6651549935340881,0.648169994354248,1190.0400390625,1183.860107421875
5,1623,0.7215809226036072,0.6878684163093567,1210.5699462890625,1198.3040771484375
5,1626,0.6734553575515747,0.6556388139724731,1193.06005859375,1186.57763671875
5,1638,0.5779738426208496,0.6186844110488892,1158.3199462890625,1173.132080078125
5,1642,0.5641490817070007,0.60749351978302,1153.2900390625,1169.0604248046875
5,1653,0.5955640077590942,0.5934686660766602,1164.719970703125,1163.9576416015625
5,1656,0.6224439144134521,0.6351096034049988,1174.5,1179.1082763671875
5,1666,0.5522207617759705,0.6286607384681702,1148.949951171875,1176.761962890625
5,1667,0.610598087310791,0.6522132754325867,1170.18994140625,1185.331298828125
5,1677,0.6868678331375122,0.6161442995071411,1197.93994140625,1172.2080078125
5,1678,0.6230486035346985,0.6181954145431519,1174.719970703125,1172.9542236328125
5,1680,0.5250934362411499,0.5655854940414429,1139.0799560546875,1153.8126220703125
5,1682,0.5370217561721802,0.5984994769096375,1143.4200439453125,1165.7880859375
5,1684,0.5532376766204834,0.56721031665802,1149.3199462890625,1154.40380859375
5,1685,0.5632146000862122,0.5755946636199951,1152.9500732421875,1157.454345703125
5,1687,0.46366533637046814,0.5568565726280212,1116.72998046875,1150.63671875
5,1689,0.5797603130340576,0.6321524381637573,1158.969970703125,1178.0323486328125
5,1692,0.5527154803276062,0.601940393447876,1149.1300048828125,1167.0399169921875
5,1702,0.5106915235519409,0.5997757911682129,1133.8399658203125,1166.25244140625
5,1705,0.5810796022415161,0.6372694969177246,1159.449951171875,1179.89404296875
5,1714,0.7267205119132996,0.5975207686424255,1212.43994140625,1165.431884765625
5,1717,0.6255221962928772,0.6662038564682007,1175.6199951171875,1190.421630859375
5,1718,0.6482519507408142,0.6388473510742188,1183.8900146484375,1180.4681396484375
5,1719,0.7098450064659119,0.6526864767074585,1206.300048828125,1185.50341796875
5,1722,0.7416446805000305,0.7263688445091248,1217.8699951171875,1212.31201171875
5,1724,0.492634117603302,0.5766834616661072,1127.27001953125,1157.8504638671875
5,1727,0.6093337535858154,0.6033090353012085,1169.72998046875,1167.5379638671875
5,1732,0.7793810367584229,0.6622947454452515,1231.5999755859375,1188.999267578125
5,1733,0.6497911214828491,0.7525164484977722,1184.449951171875,1221.8255615234375
5,1744,0.7225154042243958,0.6504108905792236,1210.9100341796875,1184.6754150390625
5,1754,0.4955199956893921,0.6287564635276794,1128.3199462890625,1176.7967529296875
5,1757,0.5976802706718445,0.6491960883140564,1165.489990234375,1184.2335205078125
5,1770,0.6240655183792114,0.6174876689910889,1175.0899658203125,1172.6966552734375
5,1775,0.6972295641899109,0.662703275680542,1201.7099609375,1189.14794921875
5,1778,0.5557937622070312,0.6437009572982788,1150.25,1182.234130859375
5,1779,0.5902594327926636,0.5823785066604614,1162.7900390625,1159.922607421875
5,1793,0.5963335633277893,0.6147276759147644,1165.0,1171.6925048828125
5,1796,0.45772868394851685,0.5779595375061035,1114.570068359375,1158.3148193359375
5,1808,0.556480884552002,0.5789384245872498,1150.5,1158.6708984375
5,1819,0.42716577649116516,0.4946590065956116,1103.4500732421875,1128.0067138671875
5,1822,0.7233673930168152,0.6079062819480896,1211.219970703125,1169.2105712890625
